2026-03-03-01:20:01, 6511
2026-03-03-01:25:01, 6511
2026-03-03-01:30:01, 6512
2026-03-03-01:35:01, 6515
2026-03-03-01:40:01, 6515
2026-03-03-01:45:01, 6516
2026-03-03-01:50:01, 6516
2026-03-03-01:55:01, 6516
2026-03-03-02:00:01, 6517
2026-03-03-02:05:01, 6517
2026-03-03-02:10:01, 6517
2026-03-03-02:15:01, 6517
2026-03-03-02:20:01, 6518
2026-03-03-02:25:02, 6518
2026-03-03-02:30:01, 6518
2026-03-03-02:35:01, 6520
2026-03-03-02:40:01, 6520
2026-03-03-02:45:01, 6520
2026-03-03-02:50:01, 6520
2026-03-03-02:55:01, 6522
2026-03-03-03:00:01, 6522
2026-03-03-03:05:01, 6524
2026-03-03-03:10:01, 6522
2026-03-03-03:15:01, 6529
2026-03-03-03:20:01, 6529
2026-03-03-03:25:01, 6537
2026-03-03-03:30:01, 6537
2026-03-03-03:35:01, 6535
2026-03-03-03:40:01, 6535
2026-03-03-03:45:01, 6535
2026-03-03-03:50:01, 6535
2026-03-03-03:55:01, 6535
2026-03-03-04:00:01, 6535
2026-03-03-04:05:01, 6535
2026-03-03-04:10:01, 6543
2026-03-03-04:15:01, 6543
2026-03-03-04:20:01, 6543
2026-03-03-04:25:01, 6543
2026-03-03-04:30:01, 6545
2026-03-03-04:35:01, 6546
2026-03-03-04:40:01, 6546
2026-03-03-04:45:01, 6546
2026-03-03-04:50:01, 6546
2026-03-03-04:55:01, 6549
2026-03-03-05:00:01, 6549
2026-03-03-05:05:01, 6550
2026-03-03-05:10:01, 6550
2026-03-03-05:15:01, 6551
2026-03-03-05:20:01, 6553
2026-03-03-05:25:01, 6554
2026-03-03-05:30:01, 6554
2026-03-03-05:35:01, 6556
2026-03-03-05:40:01, 6559
2026-03-03-05:45:01, 6559
2026-03-03-05:50:01, 6559
2026-03-03-05:55:01, 6559
2026-03-03-06:00:01, 6559
2026-03-03-06:05:01, 6559
2026-03-03-06:10:01, 6557
2026-03-03-06:15:01, 6557
2026-03-03-06:20:01, 6557
2026-03-03-06:25:01, 6557
2026-03-03-06:30:01, 6559
2026-03-03-06:35:01, 6559
2026-03-03-06:40:01, 6559
2026-03-03-06:45:01, 6559
2026-03-03-06:50:01, 6559
2026-03-03-06:55:01, 6559
2026-03-03-07:00:01, 6561
2026-03-03-07:05:01, 6561
2026-03-03-07:10:01, 6561
2026-03-03-07:15:01, 6561
2026-03-03-07:20:01, 6564
2026-03-03-07:25:01, 6570
2026-03-03-07:30:01, 6571
2026-03-03-07:35:01, 6574
2026-03-03-07:40:01, 6571
2026-03-03-07:45:01, 6574
2026-03-03-07:50:01, 6574
2026-03-03-07:55:01, 6574
2026-03-03-08:00:01, 6578
2026-03-03-08:05:01, 6578
2026-03-03-08:10:01, 6578
2026-03-03-08:15:01, 6582
2026-03-03-08:20:01, 6590
2026-03-03-08:25:01, 6590
2026-03-03-08:30:01, 6590
2026-03-03-08:35:01, 6590
2026-03-03-08:40:01, 6590
2026-03-03-08:45:01, 6590
2026-03-03-08:50:01, 6590
2026-03-03-08:55:01, 6590
2026-03-03-09:00:01, 6590
2026-03-03-09:05:01, 6597
2026-03-03-09:10:01, 6597
2026-03-03-09:15:01, 6599
2026-03-03-09:20:01, 6599
2026-03-03-09:25:01, 6599
2026-03-03-09:30:01, 6630
2026-03-03-09:35:01, 6630
2026-03-03-09:40:01, 6632
2026-03-03-09:45:01, 6630
2026-03-03-09:50:01, 6630
2026-03-03-09:55:01, 6632
2026-03-03-10:00:01, 6632
2026-03-03-10:05:01, 6633
2026-03-03-10:10:01, 6633
2026-03-03-10:15:01, 6633
2026-03-03-10:20:01, 6633
2026-03-03-10:25:01, 6633
2026-03-03-10:30:01, 6633
2026-03-03-10:35:01, 6638
2026-03-03-10:40:01, 6639
2026-03-03-10:45:01, 6639
2026-03-03-10:50:01, 6642
2026-03-03-10:55:01, 6644
2026-03-03-11:00:01, 6646
2026-03-03-11:05:01, 6644
2026-03-03-11:10:01, 6644
2026-03-03-11:15:01, 6644
2026-03-03-11:20:01, 6644
2026-03-03-11:25:01, 6644
2026-03-03-11:30:01, 6644
2026-03-03-11:35:01, 6644
2026-03-03-11:40:01, 6644
2026-03-03-11:45:01, 6646
2026-03-03-11:50:01, 6646
2026-03-03-11:55:01, 6644
2026-03-03-12:00:01, 6646
2026-03-03-12:05:01, 6646
2026-03-03-12:10:01, 6646
2026-03-03-12:15:01, 6646
2026-03-03-12:20:01, 6646
2026-03-03-12:25:02, 6646
2026-03-03-12:30:01, 6656
2026-03-03-12:35:01, 6657
2026-03-03-12:40:01, 6657
2026-03-03-12:45:01, 6659
2026-03-03-12:50:01, 6660
2026-03-03-12:55:01, 6662
2026-03-03-13:00:01, 6664
2026-03-03-13:05:01, 6664
2026-03-03-13:10:01, 6664
2026-03-03-13:15:01, 6670
2026-03-03-13:20:01, 6670
2026-03-03-13:25:01, 6672
2026-03-03-13:30:01, 6674
2026-03-03-13:35:01, 6676
2026-03-03-13:40:01, 6677
2026-03-03-13:45:01, 6678
2026-03-03-13:50:01, 6678
2026-03-03-13:55:01, 6680
2026-03-03-14:00:01, 6681
2026-03-03-14:05:01, 6681
2026-03-03-14:10:01, 6681
2026-03-03-14:15:01, 6681
2026-03-03-14:20:01, 6681
2026-03-03-14:25:01, 6683
2026-03-03-14:30:01, 6684
2026-03-03-14:35:01, 6684
2026-03-03-14:40:01, 6684
2026-03-03-14:45:01, 6684
2026-03-03-14:50:01, 6684
2026-03-03-14:55:01, 6686
2026-03-03-15:00:01, 6686
2026-03-03-15:05:01, 6686
2026-03-03-15:10:01, 6687
2026-03-03-15:15:01, 6692
2026-03-03-15:20:01, 6692
2026-03-03-15:25:01, 6693
2026-03-03-15:30:01, 6693
2026-03-03-15:35:01, 6693
2026-03-03-15:40:01, 6694
2026-03-03-15:45:01, 6694
2026-03-03-15:50:01, 6693
2026-03-03-15:55:01, 6693
2026-03-03-16:00:01, 6693
2026-03-03-16:05:01, 6693
2026-03-03-16:10:01, 6693
2026-03-03-16:15:01, 6693
2026-03-03-16:20:01, 6693
2026-03-03-16:25:01, 6704
2026-03-03-16:30:01, 6706
2026-03-03-16:35:01, 6706
2026-03-03-16:40:01, 6704
2026-03-03-16:45:01, 6707
2026-03-03-16:50:01, 6709
2026-03-03-16:55:01, 6709
2026-03-03-17:00:01, 6709
2026-03-03-17:05:01, 6709
2026-03-03-17:10:01, 6709
2026-03-03-17:15:01, 6709
2026-03-03-17:20:01, 6709
2026-03-03-17:25:01, 6716
2026-03-03-17:30:01, 6716
2026-03-03-17:35:01, 6716
2026-03-03-17:40:01, 6716
2026-03-03-17:45:01, 6716
2026-03-03-17:50:01, 6716
2026-03-03-17:55:01, 6716
2026-03-03-18:00:01, 6717
2026-03-03-18:05:01, 6718
2026-03-03-18:10:01, 6718
2026-03-03-18:15:01, 6718
2026-03-03-18:20:01, 6718
2026-03-03-18:25:01, 6720
2026-03-03-18:30:01, 6720
2026-03-03-18:35:01, 6720
2026-03-03-18:40:01, 6720
2026-03-03-18:45:01, 6720
2026-03-03-18:50:01, 6720
2026-03-03-18:55:01, 6720
2026-03-03-19:00:01, 6720
2026-03-03-19:05:01, 6720
2026-03-03-19:10:01, 6720
2026-03-03-19:15:01, 6722
2026-03-03-19:20:01, 6722
2026-03-03-19:25:01, 6722
2026-03-03-19:30:01, 6722
2026-03-03-19:35:01, 6722
2026-03-03-19:40:01, 6722
2026-03-03-19:45:01, 6730
2026-03-03-19:50:01, 6730
2026-03-03-19:55:01, 6731
2026-03-03-20:00:01, 6732
2026-03-03-20:05:01, 6732
2026-03-03-20:10:01, 6732
2026-03-03-20:15:01, 6733
2026-03-03-20:20:01, 6733
2026-03-03-20:25:01, 6741
2026-03-03-20:30:01, 6742
2026-03-03-20:35:01, 6742
2026-03-03-20:40:01, 6742
2026-03-03-20:45:01, 6742
2026-03-03-20:50:01, 6744
2026-03-03-20:55:01, 6747
2026-03-03-21:00:02, 6747
2026-03-03-21:05:01, 6747
2026-03-03-21:10:01, 6748
2026-03-03-21:15:01, 6753
2026-03-03-21:20:01, 6753
2026-03-03-21:25:01, 6753
2026-03-03-21:30:01, 6753
2026-03-03-21:35:01, 6753
2026-03-03-21:40:01, 6753
2026-03-03-21:45:01, 6753
2026-03-03-21:50:01, 6753
2026-03-03-21:55:01, 6754
2026-03-03-22:00:01, 6754
2026-03-03-22:05:01, 6755
2026-03-03-22:10:01, 6755
2026-03-03-22:15:01, 6756
2026-03-03-22:20:01, 6757
2026-03-03-22:25:01, 6759
2026-03-03-22:26:46, 6759
2026-03-03-22:30:01, 6759
2026-03-03-22:35:01, 6760
2026-03-03-22:40:01, 6761
2026-03-03-22:45:01, 6762
2026-03-03-22:50:01, 6762
2026-03-03-22:55:01, 6765
2026-03-03-23:00:01, 6765
2026-03-03-23:05:01, 6765
2026-03-03-23:10:01, 6765
2026-03-03-23:15:01, 6765
2026-03-03-23:20:01, 6767
2026-03-03-23:25:01, 6767
2026-03-03-23:30:01, 6769
2026-03-03-23:35:01, 6769
2026-03-03-23:40:01, 6770
2026-03-03-23:45:01, 6770
2026-03-03-23:50:01, 6772
2026-03-03-23:55:01, 6772
2026-03-04-00:00:01, 6772
2026-03-04-00:05:01, 6771
2026-03-04-00:10:01, 6772
2026-03-04-00:15:01, 6772
2026-03-04-00:20:01, 6772
2026-03-04-00:25:01, 6772
2026-03-04-00:30:01, 6772
2026-03-04-00:35:01, 6772
2026-03-04-00:40:01, 6773
2026-03-04-00:45:01, 6773
2026-03-04-00:50:01, 6773
2026-03-04-00:55:01, 6773
2026-03-04-01:00:01, 6773
2026-03-04-01:05:01, 6773
2026-03-04-01:08:16, 6773
2026-03-04-01:10:01, 6773
2026-03-04-01:15:01, 6773
2026-03-04-01:20:01, 6773
2026-03-04-01:25:01, 6774
2026-03-04-01:30:01, 6774
2026-03-04-01:35:01, 6774
2026-03-04-01:40:01, 6775
2026-03-04-01:45:01, 6775
2026-03-04-01:50:01, 6775
2026-03-04T15:44:30Z, 6854
2026-03-04T15:55:01Z, 6856
2026-03-04T16:00:01Z, 6856
2026-03-04T16:05:01Z, 6857
2026-03-04T16:10:01Z, 6857
2026-03-04T16:15:01Z, 6855
2026-03-04T16:20:01Z, 6857
2026-03-04T16:25:01Z, 6857
2026-03-04T16:30:01Z, 6857
2026-03-04T16:35:01Z, 6857
2026-03-04T16:40:01Z, 6857
2026-03-04T16:45:01Z, 6857
2026-03-04T16:50:01Z, 6857
2026-03-04T16:55:01Z, 6857
2026-03-04T17:00:02Z, 6858
2026-03-04T17:05:01Z, 6860
2026-03-04T17:10:01Z, 6860
2026-03-04T17:15:01Z, 6862
2026-03-04T17:20:02Z, 6862
2026-03-04T17:25:01Z, 6862
2026-03-04T17:30:01Z, 6862
2026-03-04T17:35:01Z, 6862
2026-03-04T17:40:01Z, 6863
2026-03-04T17:45:01Z, 6863
2026-03-04T17:50:01Z, 6863
2026-03-04T17:55:01Z, 6863
2026-03-04T18:00:01Z, 6863
2026-03-04T18:05:01Z, 6861
2026-03-04T18:10:01Z, 6861
2026-03-04T18:15:01Z, 6864
2026-03-04T18:20:01Z, 6865
2026-03-04T18:25:01Z, 6866
2026-03-04T18:30:01Z, 6867
2026-03-04T18:35:01Z, 6868
2026-03-04T18:40:01Z, 6869
2026-03-04T18:45:01Z, 6870
2026-03-04T18:50:01Z, 6872
2026-03-04T18:55:01Z, 6873
2026-03-04T19:00:01Z, 6872
2026-03-04T19:05:01Z, 6874
2026-03-04T19:10:01Z, 6874
2026-03-04T19:15:01Z, 6875
2026-03-04T19:20:01Z, 6874
2026-03-04T19:25:02Z, 6874
2026-03-04T19:30:01Z, 6874
2026-03-04T19:35:01Z, 6874
2026-03-04T19:40:01Z, 6874
2026-03-04T19:45:01Z, 6874
2026-03-04T19:50:01Z, 6874
2026-03-04T19:55:01Z, 6874
2026-03-04T20:00:01Z, 6875
2026-03-04T20:05:01Z, 6875
2026-03-04T20:10:01Z, 6875
2026-03-04T20:15:01Z, 6878
2026-03-04T20:20:01Z, 6876
2026-03-04T20:25:01Z, 6894
2026-03-04T20:30:01Z, 6894
2026-03-04T20:35:01Z, 6895
2026-03-04T20:40:01Z, 6896
2026-03-04T20:45:01Z, 6896
2026-03-04T20:50:01Z, 6896
2026-03-04T20:55:01Z, 6896
2026-03-04T21:00:01Z, 6896
2026-03-04T21:05:01Z, 6896
2026-03-04T21:10:01Z, 6896
2026-03-04T21:15:01Z, 6896
2026-03-04T21:20:01Z, 6897
2026-03-04T21:25:01Z, 6897
2026-03-04T21:30:01Z, 6898
2026-03-04T21:35:01Z, 6900
2026-03-04T21:40:01Z, 6901
2026-03-04T21:45:01Z, 6901
2026-03-04T21:50:01Z, 6903
2026-03-04T21:55:01Z, 6905
2026-03-04T22:00:01Z, 6906
2026-03-04T22:05:01Z, 6906
2026-03-04T22:10:01Z, 6909
2026-03-04T22:15:01Z, 6912
2026-03-04T22:20:01Z, 6913
2026-03-04T22:25:01Z, 6913
2026-03-04T22:30:01Z, 6913
2026-03-04T22:35:01Z, 6913
2026-03-04T22:40:01Z, 6913
2026-03-04T22:45:01Z, 6913
2026-03-04T22:50:01Z, 6914
2026-03-04T22:55:01Z, 6914
2026-03-04T23:00:01Z, 6914
2026-03-04T23:05:01Z, 6914
2026-03-04T23:10:01Z, 6914
2026-03-04T23:15:01Z, 6914
2026-03-04T23:20:01Z, 6914
2026-03-04T23:25:01Z, 6912
2026-03-04T23:30:01Z, 6912
2026-03-04T23:35:01Z, 6913
2026-03-04T23:40:01Z, 6913
2026-03-04T23:45:01Z, 6913
2026-03-04T23:50:01Z, 6917
2026-03-04T23:55:01Z, 6918
2026-03-05T00:00:01Z, 6918
2026-03-05T00:05:01Z, 6917
2026-03-05T00:10:01Z, 6917
2026-03-05T00:15:01Z, 6917
2026-03-05T00:20:01Z, 6918
2026-03-05T00:25:01Z, 6919
2026-03-05T00:30:01Z, 6920
2026-03-05T00:35:01Z, 6920
2026-03-05T00:40:01Z, 6920
2026-03-05T00:45:01Z, 6920
2026-03-05T00:50:01Z, 6921
2026-03-05T00:55:01Z, 6921
2026-03-05T01:00:01Z, 6921
2026-03-05T01:05:01Z, 6924
2026-03-05T01:10:01Z, 6926
2026-03-05T01:15:01Z, 6926
2026-03-05T01:20:01Z, 6929
2026-03-05T01:25:01Z, 6926
2026-03-05T01:30:01Z, 6927
2026-03-05T01:35:01Z, 6927
2026-03-05T01:40:01Z, 6927
2026-03-05T01:45:01Z, 6927
2026-03-05T01:50:01Z, 6927
2026-03-05T01:55:01Z, 6927
2026-03-05T02:00:01Z, 6927
2026-03-05T02:05:01Z, 6927
2026-03-05T02:10:01Z, 6927
2026-03-05T02:15:01Z, 6927
2026-03-05T02:20:01Z, 6927
2026-03-05T02:25:01Z, 6929
2026-03-05T02:30:01Z, 6933
2026-03-05T02:35:01Z, 6933
2026-03-05T02:40:01Z, 6934
2026-03-05T02:45:01Z, 6934
2026-03-05T02:50:01Z, 6935
2026-03-05T02:55:01Z, 6935
2026-03-05T03:00:01Z, 6935
2026-03-05T03:05:01Z, 6935
2026-03-05T03:10:01Z, 6935
2026-03-05T03:15:01Z, 6936
2026-03-05T03:20:01Z, 6936
2026-03-05T03:25:01Z, 6934
2026-03-05T03:30:01Z, 6934
2026-03-05T03:35:01Z, 6936
2026-03-05T03:40:01Z, 6936
2026-03-05T03:45:01Z, 6936
2026-03-05T03:50:01Z, 6936
2026-03-05T03:55:01Z, 6936
2026-03-05T04:00:01Z, 6936
2026-03-05T04:05:01Z, 6936
2026-03-05T04:10:01Z, 6936
2026-03-05T04:15:01Z, 6936
2026-03-05T04:20:01Z, 6936
2026-03-05T04:25:01Z, 6936
2026-03-05T04:30:01Z, 6936
2026-03-05T04:35:01Z, 6936
2026-03-05T04:40:01Z, 6936
2026-03-05T04:45:01Z, 6936
2026-03-05T04:50:01Z, 6936
2026-03-05T04:55:01Z, 6936
2026-03-05T05:00:01Z, 6936
2026-03-05T05:05:01Z, 6936
2026-03-05T05:10:01Z, 6938
2026-03-05T05:15:01Z, 6938
2026-03-05T05:20:01Z, 6938
2026-03-05T05:25:01Z, 6938
2026-03-05T05:30:01Z, 6938
2026-03-05T05:35:01Z, 6938
2026-03-05T05:40:01Z, 6938
2026-03-05T05:45:01Z, 6938
2026-03-05T05:50:01Z, 6938
2026-03-05T05:55:01Z, 6938
2026-03-05T06:00:01Z, 6938
2026-03-05T06:05:01Z, 6938
2026-03-05T06:10:01Z, 6938
2026-03-05T06:15:01Z, 6936
2026-03-05T06:20:01Z, 6936
2026-03-05T06:25:01Z, 6936
2026-03-05T06:30:01Z, 6936
2026-03-05T06:35:01Z, 6936
2026-03-05T06:40:01Z, 6936
2026-03-05T06:45:01Z, 6936
2026-03-05T06:50:01Z, 6936
2026-03-05T06:55:01Z, 6936
2026-03-05T07:00:01Z, 6937
2026-03-05T07:05:01Z, 6937
2026-03-05T07:10:01Z, 6937
2026-03-05T07:15:01Z, 6937
2026-03-05T07:20:01Z, 6937
2026-03-05T07:25:01Z, 6938
2026-03-05T07:30:01Z, 6938
2026-03-05T07:35:01Z, 6940
2026-03-05T07:40:01Z, 6941
2026-03-05T07:45:01Z, 6941
2026-03-05T07:50:01Z, 6939
2026-03-05T07:55:01Z, 6939
2026-03-05T08:00:01Z, 6941
2026-03-05T08:05:01Z, 6975
2026-03-05T08:10:01Z, 6975
2026-03-05T08:15:01Z, 6977
2026-03-05T08:20:01Z, 6977
2026-03-05T08:25:01Z, 6980
2026-03-05T08:30:02Z, 6980
2026-03-05T08:35:01Z, 6980
2026-03-05T08:40:01Z, 6980
2026-03-05T08:45:01Z, 6985
2026-03-05T08:50:01Z, 6985
2026-03-05T08:55:01Z, 6987
2026-03-05T09:00:01Z, 6987
2026-03-05T09:05:01Z, 6987
2026-03-05T09:10:01Z, 6987
2026-03-05T09:15:01Z, 6987
2026-03-05T09:20:01Z, 6988
2026-03-05T09:25:01Z, 6988
2026-03-05T09:30:01Z, 6988
2026-03-05T09:35:01Z, 6988
2026-03-05T09:40:01Z, 6990
2026-03-05T09:45:01Z, 6990
2026-03-05T09:50:01Z, 6990
2026-03-05T09:55:01Z, 6991
2026-03-05T10:00:01Z, 6991
2026-03-05T10:05:01Z, 6991
2026-03-05T10:10:01Z, 6991
2026-03-05T10:15:01Z, 6991
2026-03-05T10:20:01Z, 6991
2026-03-05T10:25:01Z, 6991
2026-03-05T10:30:01Z, 6991
2026-03-05T10:35:01Z, 6991
2026-03-05T10:40:01Z, 6991
2026-03-05T10:45:01Z, 6991
2026-03-05T10:50:01Z, 6991
2026-03-05T10:55:01Z, 6997
2026-03-05T11:00:01Z, 6998
2026-03-05T11:05:01Z, 6999
2026-03-05T11:10:01Z, 6999
2026-03-05T11:15:01Z, 6999
2026-03-05T11:20:01Z, 6999
2026-03-05T11:25:01Z, 6997
2026-03-05T11:30:01Z, 6997
2026-03-05T11:35:01Z, 6997
2026-03-05T11:40:01Z, 6997
2026-03-05T11:45:01Z, 6997
2026-03-05T11:50:01Z, 6997
2026-03-05T11:55:01Z, 6997
2026-03-05T12:00:01Z, 6997
2026-03-05T12:05:01Z, 6997
2026-03-05T12:10:01Z, 6997
2026-03-05T12:15:01Z, 6997
2026-03-05T12:20:02Z, 6997
2026-03-05T12:25:01Z, 6997
2026-03-05T12:30:01Z, 6997
2026-03-05T12:35:01Z, 6997
2026-03-05T12:40:01Z, 6997
2026-03-05T12:45:01Z, 6997
2026-03-05T12:50:01Z, 6997
2026-03-05T12:55:01Z, 6997
2026-03-05T13:00:01Z, 6997
2026-03-05T13:05:01Z, 6997
2026-03-05T13:10:01Z, 6997
2026-03-05T13:15:01Z, 6997
2026-03-05T13:20:01Z, 6998
2026-03-05T13:25:01Z, 6999
2026-03-05T13:30:01Z, 6999
2026-03-05T13:35:01Z, 6999
2026-03-05T13:40:01Z, 7002
2026-03-05T13:45:01Z, 7004
2026-03-05T13:50:01Z, 7004
2026-03-05T13:55:01Z, 7004
2026-03-05T14:00:01Z, 7006
2026-03-05T14:05:01Z, 7006
2026-03-05T14:10:01Z, 7008
2026-03-05T14:15:01Z, 7008
2026-03-05T14:20:01Z, 7009
2026-03-05T14:25:01Z, 7011
2026-03-05T14:30:01Z, 7011
2026-03-05T14:35:01Z, 7011
2026-03-05T14:40:01Z, 7012
2026-03-05T14:45:01Z, 7012
2026-03-05T14:50:01Z, 7013
2026-03-05T14:55:01Z, 7013
2026-03-05T15:00:01Z, 7015
2026-03-05T15:05:01Z, 7015
2026-03-05T15:10:01Z, 7015
2026-03-05T15:15:01Z, 7014
2026-03-05T15:20:01Z, 7014
2026-03-05T15:25:01Z, 7014
2026-03-05T15:30:01Z, 7014
2026-03-05T15:35:01Z, 7016
2026-03-05T15:40:01Z, 7016
2026-03-05T15:45:01Z, 7016
2026-03-05T15:50:01Z, 7016
2026-03-05T15:55:01Z, 7016
2026-03-05T16:00:01Z, 7016
2026-03-05T16:05:01Z, 7016
2026-03-05T16:10:01Z, 7016
2026-03-05T16:15:01Z, 7016
2026-03-05T16:20:01Z, 7016
2026-03-05T16:25:01Z, 7019
2026-03-05T16:30:01Z, 7019
2026-03-05T16:35:01Z, 7019
2026-03-05T16:40:01Z, 7019
2026-03-05T16:45:01Z, 7019
2026-03-05T16:50:01Z, 7020
2026-03-05T16:55:01Z, 7020
2026-03-05T17:00:01Z, 7020
2026-03-05T17:05:01Z, 7020
2026-03-05T17:10:01Z, 7021
2026-03-05T17:15:01Z, 7025
2026-03-05T17:20:01Z, 7027
2026-03-05T17:25:01Z, 7027
2026-03-05T17:30:01Z, 7027
2026-03-05T17:35:01Z, 7028
2026-03-05T17:40:01Z, 7028
2026-03-05T17:45:01Z, 7028
2026-03-05T17:50:01Z, 7028
2026-03-05T17:55:01Z, 7036
2026-03-05T18:00:01Z, 7036
2026-03-05T18:05:01Z, 7036
2026-03-05T18:10:01Z, 7036
2026-03-05T18:15:01Z, 7036
2026-03-05T18:20:01Z, 7036
2026-03-05T18:25:02Z, 7037
2026-03-05T18:30:01Z, 7039
2026-03-05T18:35:01Z, 7039
2026-03-05T18:40:01Z, 7048
2026-03-05T18:45:01Z, 7048
2026-03-05T18:50:01Z, 7048
2026-03-05T18:55:01Z, 7046
2026-03-05T19:00:01Z, 7046
2026-03-05T19:05:02Z, 7046
2026-03-05T19:10:01Z, 7048
2026-03-05T19:15:01Z, 7048
2026-03-05T19:20:01Z, 7048
2026-03-05T19:25:01Z, 7048
2026-03-05T19:30:01Z, 7048
2026-03-05T19:35:01Z, 7049
2026-03-05T19:40:01Z, 7049
2026-03-05T19:45:01Z, 7051
2026-03-05T19:50:01Z, 7051
2026-03-05T19:55:01Z, 7051
2026-03-05T20:00:01Z, 7051
2026-03-05T20:05:01Z, 7056
2026-03-05T20:10:01Z, 7057
2026-03-05T20:15:01Z, 7057
2026-03-05T20:20:01Z, 7068
2026-03-05T20:25:01Z, 7068
2026-03-05T20:30:01Z, 7068
2026-03-05T20:35:01Z, 7068
2026-03-05T20:40:01Z, 7071
2026-03-05T20:45:01Z, 7073
2026-03-05T20:50:01Z, 7074
2026-03-05T20:55:01Z, 7075
2026-03-05T21:00:01Z, 7076
2026-03-05T21:05:01Z, 7077
2026-03-05T21:10:01Z, 7077
2026-03-05T21:15:01Z, 7078
2026-03-05T21:20:01Z, 7079
2026-03-05T21:25:01Z, 7075
2026-03-05T21:30:01Z, 7075
2026-03-05T21:35:01Z, 7076
2026-03-05T21:40:01Z, 7076
2026-03-05T21:45:01Z, 7082
2026-03-05T21:50:01Z, 7083
2026-03-05T21:55:01Z, 7083
2026-03-05T22:00:01Z, 7083
2026-03-05T22:05:01Z, 7083
2026-03-05T22:10:01Z, 7083
2026-03-05T22:15:01Z, 7083
2026-03-05T22:20:01Z, 7083
2026-03-05T22:25:01Z, 7083
2026-03-05T22:30:01Z, 7083
2026-03-05T22:35:01Z, 7083
2026-03-05T22:40:01Z, 7083
2026-03-05T22:45:01Z, 7083
2026-03-05T22:50:01Z, 7083
2026-03-05T22:55:01Z, 7083
2026-03-05T23:00:01Z, 7083
2026-03-05T23:05:01Z, 7085
2026-03-05T23:10:01Z, 7085
2026-03-05T23:15:01Z, 7085
2026-03-05T23:20:01Z, 7085
2026-03-05T23:25:01Z, 7085
2026-03-05T23:30:01Z, 7085
2026-03-05T23:35:01Z, 7085
2026-03-05T23:40:01Z, 7085
2026-03-05T23:45:01Z, 7085
2026-03-05T23:50:01Z, 7085
2026-03-05T23:55:01Z, 7085
2026-03-06T00:00:01Z, 7085
2026-03-06T00:05:01Z, 7085
2026-03-06T00:10:01Z, 7085
2026-03-06T00:15:01Z, 7085
2026-03-06T00:20:01Z, 7087
2026-03-06T00:25:01Z, 7087
2026-03-06T00:30:01Z, 7087
2026-03-06T00:35:01Z, 7087
2026-03-06T00:40:01Z, 7087
2026-03-06T00:45:01Z, 7087
2026-03-06T00:50:01Z, 7090
2026-03-06T00:55:01Z, 7090
2026-03-06T01:00:01Z, 7088
2026-03-06T01:05:01Z, 7090
2026-03-06T01:10:01Z, 7091
2026-03-06T01:15:01Z, 7091
2026-03-06T01:20:01Z, 7091
2026-03-06T01:25:01Z, 7092
2026-03-06T01:30:01Z, 7092
2026-03-06T01:35:01Z, 7092
2026-03-06T01:40:01Z, 7092
2026-03-06T01:45:01Z, 7093
2026-03-06T01:50:01Z, 7097
2026-03-06T01:55:01Z, 7097
2026-03-06T02:00:01Z, 7097
2026-03-06T02:05:01Z, 7097
2026-03-06T02:10:01Z, 7097
2026-03-06T02:15:01Z, 7099
2026-03-06T02:20:01Z, 7099
2026-03-06T02:25:01Z, 7098
2026-03-06T02:30:01Z, 7098
2026-03-06T02:35:01Z, 7098
2026-03-06T02:40:01Z, 7098
2026-03-06T02:45:01Z, 7096
2026-03-06T02:50:01Z, 7101
2026-03-06T02:55:01Z, 7103
2026-03-06T03:00:01Z, 7103
2026-03-06T03:05:01Z, 7103
2026-03-06T03:10:01Z, 7103
2026-03-06T03:15:01Z, 7103
2026-03-06T03:20:01Z, 7103
2026-03-06T03:25:01Z, 7103
2026-03-06T03:30:01Z, 7103
2026-03-06T03:35:01Z, 7103
2026-03-06T03:40:01Z, 7103
2026-03-06T03:45:01Z, 6751
2026-03-06T03:50:01Z, 7103
2026-03-06T03:55:01Z, 7103
2026-03-06T04:00:01Z, 7103
2026-03-06T04:05:01Z, 7103
2026-03-06T04:10:01Z, 7103
2026-03-06T04:15:01Z, 7103
2026-03-06T04:20:01Z, 7103
2026-03-06T04:25:01Z, 7105
2026-03-06T04:30:01Z, 7105
2026-03-06T04:35:01Z, 7105
2026-03-06T04:40:01Z, 7105
2026-03-06T04:45:01Z, 7105
2026-03-06T04:50:01Z, 7105
2026-03-06T04:55:01Z, 7105
2026-03-06T05:00:01Z, 7105
2026-03-06T05:05:01Z, 7105
2026-03-06T05:10:01Z, 7105
2026-03-06T05:15:01Z, 7105
2026-03-06T05:20:01Z, 7108
2026-03-06T05:25:01Z, 7108
2026-03-06T05:30:01Z, 7108
2026-03-06T05:35:01Z, 7108
2026-03-06T05:40:01Z, 7110
2026-03-06T05:45:01Z, 7110
2026-03-06T05:50:01Z, 7109
2026-03-06T05:55:01Z, 7109
2026-03-06T06:00:02Z, 7116
2026-03-06T06:05:01Z, 7116
2026-03-06T06:10:01Z, 7114
2026-03-06T06:15:02Z, 7116
2026-03-06T06:20:01Z, 7116
2026-03-06T06:25:01Z, 7116
2026-03-06T06:30:01Z, 7116
2026-03-06T06:35:01Z, 7121
2026-03-06T06:40:01Z, 7136
2026-03-06T06:45:01Z, 7139
2026-03-06T06:50:01Z, 7139
2026-03-06T06:55:01Z, 7140
2026-03-06T07:00:01Z, 7140
2026-03-06T07:05:01Z, 7140
2026-03-06T07:10:01Z, 7142
2026-03-06T07:15:01Z, 7141
2026-03-06T07:20:01Z, 7141
2026-03-06T07:25:01Z, 7142
2026-03-06T07:30:01Z, 7140
2026-03-06T07:35:01Z, 7143
2026-03-06T07:40:01Z, 7144
2026-03-06T07:45:01Z, 7144
2026-03-06T07:50:01Z, 7146
2026-03-06T07:55:01Z, 7146
2026-03-06T08:00:01Z, 7152
2026-03-06T08:05:01Z, 7152
2026-03-06T08:10:01Z, 7152
2026-03-06T08:15:01Z, 7152
2026-03-06T08:20:01Z, 7152
2026-03-06T08:25:01Z, 7155
2026-03-06T08:30:01Z, 7156
2026-03-06T08:35:01Z, 7156
2026-03-06T08:40:01Z, 7157
2026-03-06T08:45:01Z, 7157
2026-03-06T08:50:02Z, 7157
2026-03-06T08:55:01Z, 7158
2026-03-06T09:00:01Z, 7160
2026-03-06T09:05:01Z, 7161
2026-03-06T09:10:01Z, 7161
2026-03-06T09:15:01Z, 7159
2026-03-06T09:20:01Z, 7159
2026-03-06T09:25:01Z, 7159
2026-03-06T09:30:01Z, 7161
2026-03-06T09:35:01Z, 7162
2026-03-06T09:40:01Z, 7164
2026-03-06T09:45:01Z, 7164
2026-03-06T09:50:01Z, 7166
2026-03-06T09:55:01Z, 7171
2026-03-06T10:00:01Z, 7171
2026-03-06T10:05:01Z, 7171
2026-03-06T10:10:01Z, 7173
2026-03-06T10:15:01Z, 7171
2026-03-06T10:20:01Z, 7171
2026-03-06T10:25:01Z, 7171
2026-03-06T10:30:01Z, 7171
2026-03-06T10:35:01Z, 7172
2026-03-06T10:40:01Z, 7175
2026-03-06T10:45:01Z, 7176
2026-03-06T10:50:01Z, 7177
2026-03-06T10:55:01Z, 7171
2026-03-06T11:00:01Z, 7174
2026-03-06T11:05:01Z, 7174
2026-03-06T11:10:01Z, 7174
2026-03-06T11:15:01Z, 7174
2026-03-06T11:20:01Z, 7174
2026-03-06T11:25:01Z, 7175
2026-03-06T11:30:01Z, 7175
2026-03-06T11:35:01Z, 7175
2026-03-06T11:40:01Z, 7179
2026-03-06T11:45:01Z, 7179
2026-03-06T11:50:01Z, 7179
2026-03-06T11:55:01Z, 7180
2026-03-06T12:00:01Z, 7182
2026-03-06T12:05:01Z, 7183
2026-03-06T12:10:01Z, 7183
2026-03-06T12:15:01Z, 7183
2026-03-06T12:20:01Z, 7184
2026-03-06T12:25:01Z, 7184
2026-03-06T12:30:01Z, 7190
2026-03-06T12:35:01Z, 7190
2026-03-06T12:40:01Z, 7190
2026-03-06T12:45:01Z, 7190
2026-03-06T12:50:01Z, 7190
2026-03-06T12:55:01Z, 7190
2026-03-06T13:00:01Z, 7190
2026-03-06T13:05:01Z, 7190
2026-03-06T13:10:01Z, 7192
2026-03-06T13:15:01Z, 7192
2026-03-06T13:20:01Z, 7192
2026-03-06T13:25:01Z, 7192
2026-03-06T13:30:01Z, 7192
2026-03-06T13:35:01Z, 7192
2026-03-06T13:40:01Z, 7192
2026-03-06T13:45:01Z, 7193
2026-03-06T13:50:01Z, 7195
2026-03-06T13:55:01Z, 7195
2026-03-06T14:00:01Z, 7195
2026-03-06T14:05:01Z, 7195
2026-03-06T14:10:01Z, 7196
2026-03-06T14:15:01Z, 7199
2026-03-06T14:20:01Z, 7199
2026-03-06T14:25:01Z, 7199
2026-03-06T14:30:01Z, 7199
2026-03-06T14:35:01Z, 7202
2026-03-06T14:40:01Z, 7202
2026-03-06T14:45:01Z, 7206
2026-03-06T14:50:01Z, 7207
2026-03-06T14:55:01Z, 7207
2026-03-06T15:00:01Z, 7208
2026-03-06T15:05:01Z, 7209
2026-03-06T15:10:01Z, 7213
2026-03-06T15:15:01Z, 7214
2026-03-06T15:20:01Z, 7216
2026-03-06T15:25:01Z, 7217
2026-03-06T15:30:01Z, 7217
2026-03-06T15:35:01Z, 7217
2026-03-06T15:40:01Z, 7218
2026-03-06T15:45:01Z, 7219
2026-03-06T15:50:01Z, 7221
2026-03-06T15:55:01Z, 7222
2026-03-06T16:00:01Z, 7223
2026-03-06T16:05:01Z, 7224
2026-03-06T16:10:02Z, 7228
2026-03-06T16:15:01Z, 7230
2026-03-06T16:20:01Z, 7232
2026-03-06T16:25:01Z, 7233
2026-03-06T16:30:01Z, 7232
2026-03-06T16:35:01Z, 7232
2026-03-06T16:40:01Z, 7232
2026-03-06T16:45:01Z, 7233
2026-03-06T16:50:01Z, 7235
2026-03-06T16:55:01Z, 7292
2026-03-06T17:00:01Z, 7292
2026-03-06T17:05:01Z, 7292
2026-03-06T17:10:01Z, 7292
2026-03-06T17:15:01Z, 7292
2026-03-06T17:20:01Z, 7293
2026-03-06T17:25:01Z, 7303
2026-03-06T17:30:01Z, 7303
2026-03-06T17:35:01Z, 7303
2026-03-06T17:40:01Z, 7303
2026-03-06T17:45:01Z, 7303
2026-03-06T17:50:01Z, 7307
2026-03-06T17:55:01Z, 7310
2026-03-06T18:00:01Z, 7310
2026-03-06T18:05:01Z, 7310
2026-03-06T18:10:01Z, 7313
2026-03-06T18:15:01Z, 7313
2026-03-06T18:20:01Z, 7315
2026-03-06T18:25:01Z, 7315
2026-03-06T18:30:01Z, 7315
2026-03-06T18:35:01Z, 7315
2026-03-06T18:40:01Z, 7315
2026-03-06T18:45:01Z, 7326
2026-03-06T18:50:01Z, 7324
2026-03-06T18:55:01Z, 7325
2026-03-06T19:00:01Z, 7325
2026-03-06T19:05:01Z, 7325
2026-03-06T19:10:01Z, 7325
2026-03-06T19:15:01Z, 7325
2026-03-06T19:20:01Z, 7325
2026-03-06T19:25:01Z, 7325
2026-03-06T19:30:01Z, 7325
2026-03-06T19:35:01Z, 7326
2026-03-06T19:40:01Z, 7326
2026-03-06T19:45:01Z, 7328
2026-03-06T19:50:01Z, 7328
2026-03-06T19:55:01Z, 7329
2026-03-06T20:00:01Z, 7330
2026-03-06T20:05:01Z, 7334
2026-03-06T20:10:01Z, 7335
2026-03-06T20:15:01Z, 7336
2026-03-06T20:20:01Z, 7343
2026-03-06T20:25:01Z, 7343
2026-03-06T20:30:01Z, 7343
2026-03-06T20:35:01Z, 7343
2026-03-06T20:40:01Z, 7346
2026-03-06T20:45:01Z, 7347
2026-03-06T20:50:01Z, 7350
2026-03-06T20:55:01Z, 7351
2026-03-06T21:00:01Z, 7350
2026-03-06T21:05:01Z, 7352
2026-03-06T21:10:01Z, 7353
2026-03-06T21:15:01Z, 7370
2026-03-06T21:20:01Z, 7370
2026-03-06T21:25:01Z, 7370
2026-03-06T21:30:01Z, 7372
2026-03-06T21:35:01Z, 7374
2026-03-06T21:40:01Z, 7374
2026-03-06T21:45:01Z, 7433
2026-03-06T21:50:01Z, 7433
2026-03-06T21:55:01Z, 7435
2026-03-06T22:00:01Z, 7436
2026-03-06T22:05:01Z, 7436
2026-03-06T22:10:01Z, 7436
2026-03-06T22:15:01Z, 7436
2026-03-06T22:20:01Z, 7437
2026-03-06T22:25:01Z, 7440
2026-03-06T22:30:01Z, 7438
2026-03-06T22:35:01Z, 7438
2026-03-06T22:40:01Z, 7439
2026-03-06T22:45:01Z, 7439
2026-03-06T22:50:01Z, 7445
2026-03-06T22:55:01Z, 7445
2026-03-06T23:00:01Z, 7445
2026-03-06T23:05:01Z, 7445
2026-03-06T23:10:01Z, 7453
2026-03-06T23:15:01Z, 7453
2026-03-06T23:20:01Z, 7453
2026-03-06T23:25:01Z, 7453
2026-03-06T23:30:01Z, 7453
2026-03-06T23:35:01Z, 7453
2026-03-06T23:40:01Z, 7453
2026-03-06T23:45:01Z, 7453
2026-03-06T23:50:01Z, 7453
2026-03-06T23:55:02Z, 7453
2026-03-07T00:00:01Z, 7453
2026-03-07T00:05:01Z, 7453
2026-03-07T00:10:01Z, 7453
2026-03-07T00:15:01Z, 7453
2026-03-07T00:20:01Z, 7453
2026-03-07T00:25:01Z, 7454
2026-03-07T00:30:01Z, 7454
2026-03-07T00:35:01Z, 7454
2026-03-07T00:40:01Z, 7454
2026-03-07T00:45:01Z, 7454
2026-03-07T00:50:01Z, 7454
2026-03-07T00:55:01Z, 7454
2026-03-07T01:00:01Z, 7454
2026-03-07T01:05:01Z, 7452
2026-03-07T01:10:01Z, 7452
2026-03-07T01:15:01Z, 7452
2026-03-07T01:20:01Z, 7452
2026-03-07T01:25:01Z, 7452
2026-03-07T01:30:01Z, 7456
2026-03-07T01:35:01Z, 7456
2026-03-07T01:40:01Z, 7456
2026-03-07T01:45:01Z, 7456
2026-03-07T01:50:01Z, 7456
2026-03-07T01:55:01Z, 7456
2026-03-07T02:00:01Z, 7456
2026-03-07T02:05:01Z, 7456
2026-03-07T02:10:01Z, 7456
2026-03-07T02:15:01Z, 7456
2026-03-07T02:20:01Z, 7456
2026-03-07T02:25:01Z, 7456
2026-03-07T02:30:01Z, 7456
2026-03-07T02:35:01Z, 7456
2026-03-07T02:40:01Z, 7456
2026-03-07T02:45:01Z, 7456
2026-03-07T02:50:01Z, 7456
2026-03-07T02:55:01Z, 7456
2026-03-07T03:00:01Z, 7456
2026-03-07T03:05:01Z, 7456
2026-03-07T03:10:01Z, 7456
2026-03-07T03:15:01Z, 7456
2026-03-07T03:20:01Z, 7456
2026-03-07T03:25:01Z, 7456
2026-03-07T03:30:01Z, 7456
2026-03-07T03:35:01Z, 7456
2026-03-07T03:40:01Z, 7456
2026-03-07T03:45:01Z, 7456
2026-03-07T03:50:01Z, 7456
2026-03-07T03:55:01Z, 7456
2026-03-07T04:00:01Z, 7456
2026-03-07T04:05:01Z, 7456
2026-03-07T04:10:01Z, 7456
2026-03-07T04:15:01Z, 7456
2026-03-07T04:20:01Z, 7456
2026-03-07T04:25:01Z, 7456
2026-03-07T04:30:01Z, 7456
2026-03-07T04:35:01Z, 7458
2026-03-07T04:40:01Z, 7458
2026-03-07T04:45:01Z, 7460
2026-03-07T04:50:01Z, 7460
2026-03-07T04:55:01Z, 7461
2026-03-07T05:00:01Z, 7461
2026-03-07T05:05:01Z, 7462
2026-03-07T05:10:01Z, 7462
2026-03-07T05:15:01Z, 7463
2026-03-07T05:20:01Z, 7463
2026-03-07T05:25:01Z, 7463
2026-03-07T05:30:01Z, 7465
2026-03-07T05:35:01Z, 7466
2026-03-07T05:40:01Z, 7467
2026-03-07T05:45:01Z, 7467
2026-03-07T05:50:01Z, 7470
2026-03-07T05:55:01Z, 7471
2026-03-07T06:00:01Z, 7489
2026-03-07T06:05:01Z, 7489
2026-03-07T06:10:01Z, 7491
2026-03-07T06:15:01Z, 7491
2026-03-07T06:20:01Z, 7493
2026-03-07T06:25:01Z, 7493
2026-03-07T06:30:01Z, 7495
2026-03-07T06:35:01Z, 7495
2026-03-07T06:40:01Z, 7500
2026-03-07T06:45:01Z, 7500
2026-03-07T06:50:01Z, 7500
2026-03-07T06:55:01Z, 7500
2026-03-07T07:00:01Z, 7500
2026-03-07T07:05:01Z, 7500
2026-03-07T07:10:01Z, 7500
2026-03-07T07:15:01Z, 7502
2026-03-07T07:20:01Z, 7502
2026-03-07T07:25:01Z, 7506
2026-03-07T07:30:01Z, 7507
2026-03-07T07:35:01Z, 7507
2026-03-07T07:40:01Z, 7507
2026-03-07T07:45:01Z, 7508
2026-03-07T07:50:01Z, 7512
2026-03-07T07:55:01Z, 7512
2026-03-07T08:00:01Z, 7512
2026-03-07T08:05:01Z, 7512
2026-03-07T08:10:01Z, 7512
2026-03-07T08:15:01Z, 7512
2026-03-07T08:20:01Z, 7512
2026-03-07T08:25:01Z, 7512
2026-03-07T08:30:01Z, 7512
2026-03-07T08:35:01Z, 7512
2026-03-07T08:40:01Z, 7512
2026-03-07T08:45:01Z, 7512
2026-03-07T08:50:01Z, 7514
2026-03-07T08:55:01Z, 7514
2026-03-07T09:00:01Z, 7516
2026-03-07T09:05:01Z, 7516
2026-03-07T09:10:01Z, 7516
2026-03-07T09:15:01Z, 7516
2026-03-07T09:20:01Z, 7516
2026-03-07T09:25:01Z, 7516
2026-03-07T09:30:01Z, 7516
2026-03-07T09:35:01Z, 7516
2026-03-07T09:40:01Z, 7516
2026-03-07T09:45:01Z, 7516
2026-03-07T09:50:01Z, 7517
2026-03-07T09:55:01Z, 7517
2026-03-07T10:00:01Z, 7517
2026-03-07T10:05:01Z, 7517
2026-03-07T10:10:01Z, 7517
2026-03-07T10:15:01Z, 7517
2026-03-07T10:20:01Z, 7517
2026-03-07T10:25:01Z, 7517
2026-03-07T10:30:01Z, 7517
2026-03-07T10:35:01Z, 7522
2026-03-07T10:40:01Z, 7522
2026-03-07T10:45:01Z, 7522
2026-03-07T10:50:01Z, 7524
2026-03-07T10:55:01Z, 7526
2026-03-07T11:00:01Z, 7526
2026-03-07T11:05:01Z, 7526
2026-03-07T11:10:01Z, 7526
2026-03-07T11:15:01Z, 7526
2026-03-07T11:20:01Z, 7526
2026-03-07T11:25:01Z, 7526
2026-03-07T11:30:01Z, 7526
2026-03-07T11:35:01Z, 7526
2026-03-07T11:40:01Z, 7526
2026-03-07T11:45:01Z, 7526
2026-03-07T11:50:01Z, 7526
2026-03-07T11:55:01Z, 7526
2026-03-07T12:00:01Z, 7538
2026-03-07T12:05:01Z, 7538
2026-03-07T12:10:01Z, 7538
2026-03-07T12:15:01Z, 7538
2026-03-07T12:20:01Z, 7538
2026-03-07T12:25:01Z, 7540
2026-03-07T12:30:02Z, 7540
2026-03-07T12:35:01Z, 7540
2026-03-07T12:40:01Z, 7540
2026-03-07T12:45:01Z, 7540
2026-03-07T12:50:01Z, 7540
2026-03-07T12:55:01Z, 7540
2026-03-07T13:00:01Z, 7540
2026-03-07T13:05:02Z, 7540
2026-03-07T13:10:01Z, 7540
2026-03-07T13:15:01Z, 7540
2026-03-07T13:20:01Z, 7540
2026-03-07T13:25:01Z, 7541
2026-03-07T13:30:01Z, 7541
2026-03-07T13:35:01Z, 7543
2026-03-07T13:40:01Z, 7543
2026-03-07T13:45:01Z, 7543
2026-03-07T13:50:01Z, 7543
2026-03-07T13:55:01Z, 7543
2026-03-07T14:00:01Z, 7544
2026-03-07T14:05:01Z, 7546
2026-03-07T14:10:01Z, 7546
2026-03-07T14:15:01Z, 7546
2026-03-07T14:20:01Z, 7546
2026-03-07T14:25:01Z, 7542
2026-03-07T14:30:01Z, 7542
2026-03-07T14:35:01Z, 7542
2026-03-07T14:40:01Z, 7542
2026-03-07T14:45:01Z, 7544
2026-03-07T14:50:01Z, 7544
2026-03-07T14:55:01Z, 7544
2026-03-07T15:00:01Z, 7547
2026-03-07T15:05:01Z, 7547
2026-03-07T15:10:01Z, 7547
2026-03-07T15:15:01Z, 7549
2026-03-07T15:20:01Z, 7549
2026-03-07T15:25:01Z, 7549
2026-03-07T15:30:01Z, 7549
2026-03-07T15:35:01Z, 7549
2026-03-07T15:40:01Z, 7551
2026-03-07T15:45:01Z, 7551
2026-03-07T15:50:01Z, 7552
2026-03-07T15:55:01Z, 7553
2026-03-07T16:00:01Z, 7556
2026-03-07T16:05:02Z, 7557
2026-03-07T16:10:01Z, 7557
2026-03-07T16:15:01Z, 7559
2026-03-07T16:20:02Z, 7559
2026-03-07T16:25:01Z, 7559
2026-03-07T16:30:01Z, 7563
2026-03-07T16:35:01Z, 7563
2026-03-07T16:40:01Z, 7566
2026-03-07T16:45:01Z, 7568
2026-03-07T16:50:01Z, 7569
2026-03-07T16:55:01Z, 7569
2026-03-07T17:00:01Z, 7569
2026-03-07T17:05:01Z, 7570
2026-03-07T17:10:01Z, 7570
2026-03-07T17:15:01Z, 7569
2026-03-07T17:20:01Z, 7569
2026-03-07T17:25:01Z, 7569
2026-03-07T17:30:01Z, 7574
2026-03-07T17:35:01Z, 7574
2026-03-07T17:40:01Z, 7572
2026-03-07T17:45:01Z, 7572
2026-03-07T17:50:01Z, 7573
2026-03-07T17:55:01Z, 7573
2026-03-07T18:00:01Z, 7571
2026-03-07T18:05:01Z, 7571
2026-03-07T18:10:01Z, 7571
2026-03-07T18:15:01Z, 7571
2026-03-07T18:20:01Z, 7571
2026-03-07T18:25:01Z, 7572
2026-03-07T18:30:01Z, 7571
2026-03-07T18:35:01Z, 7572
2026-03-07T18:40:01Z, 7572
2026-03-07T18:45:01Z, 7572
2026-03-07T18:50:01Z, 7572
2026-03-07T18:55:01Z, 7572
2026-03-07T19:00:01Z, 7572
2026-03-07T19:05:01Z, 7572
2026-03-07T19:10:01Z, 7574
2026-03-07T19:15:01Z, 7574
2026-03-07T19:20:02Z, 7574
2026-03-07T19:25:01Z, 7574
2026-03-07T19:30:01Z, 7574
2026-03-07T19:35:01Z, 7574
2026-03-07T19:40:01Z, 7574
2026-03-07T19:45:01Z, 7575
2026-03-07T19:50:01Z, 7575
2026-03-07T19:55:01Z, 7575
2026-03-07T20:00:01Z, 7575
2026-03-07T20:05:01Z, 7575
2026-03-07T20:10:01Z, 7575
2026-03-07T20:15:01Z, 7582
2026-03-07T20:20:01Z, 7584
2026-03-07T20:25:01Z, 7593
2026-03-07T20:30:01Z, 7593
2026-03-07T20:35:01Z, 7593
2026-03-07T20:40:01Z, 7593
2026-03-07T20:45:01Z, 7593
2026-03-07T20:50:01Z, 7593
2026-03-07T20:55:01Z, 7595
2026-03-07T21:00:01Z, 7595
2026-03-07T21:05:01Z, 7593
2026-03-07T21:10:01Z, 7593
2026-03-07T21:15:01Z, 7593
2026-03-07T21:20:01Z, 7598
2026-03-07T21:25:01Z, 7598
2026-03-07T21:30:01Z, 7598
2026-03-07T21:35:01Z, 7598
2026-03-07T21:40:01Z, 7598
2026-03-07T21:45:01Z, 7596
2026-03-07T21:50:01Z, 7597
2026-03-07T21:55:01Z, 7597
2026-03-07T22:00:01Z, 7599
2026-03-07T22:05:01Z, 7597
2026-03-07T22:10:01Z, 7597
2026-03-07T22:15:01Z, 7597
2026-03-07T22:20:01Z, 7597
2026-03-07T22:25:01Z, 7597
2026-03-07T22:30:01Z, 7599
2026-03-07T22:35:01Z, 7601
2026-03-07T22:40:01Z, 7601
2026-03-07T22:45:01Z, 7601
2026-03-07T22:50:01Z, 7607
2026-03-07T22:55:01Z, 7609
2026-03-07T23:00:01Z, 7609
2026-03-07T23:05:01Z, 7611
2026-03-07T23:10:01Z, 7612
2026-03-07T23:15:01Z, 7612
2026-03-07T23:20:01Z, 7612
2026-03-07T23:25:01Z, 7612
2026-03-07T23:30:01Z, 7614
2026-03-07T23:35:01Z, 7615
2026-03-07T23:40:01Z, 7617
2026-03-07T23:45:01Z, 7617
2026-03-07T23:50:01Z, 7617
2026-03-07T23:55:01Z, 7621
2026-03-08T00:00:01Z, 7621
2026-03-08T00:05:01Z, 7622
2026-03-08T00:10:01Z, 7621
2026-03-08T00:15:01Z, 7623
2026-03-08T00:20:01Z, 7626
2026-03-08T00:25:01Z, 7626
2026-03-08T00:30:01Z, 7631
2026-03-08T00:35:01Z, 7631
2026-03-08T00:40:01Z, 7631
2026-03-08T00:45:01Z, 7631
2026-03-08T00:50:01Z, 7632
2026-03-08T00:55:01Z, 7632
2026-03-08T01:00:01Z, 7632
2026-03-08T01:05:01Z, 7633
2026-03-08T01:10:01Z, 7633
2026-03-08T01:15:01Z, 7633
2026-03-08T01:20:01Z, 7634
2026-03-08T01:25:01Z, 7634
2026-03-08T01:30:01Z, 7634
2026-03-08T01:35:01Z, 7634
2026-03-08T01:40:01Z, 7633
2026-03-08T01:45:01Z, 7634
2026-03-08T01:50:01Z, 7636
2026-03-08T01:55:01Z, 7636
2026-03-08T02:00:01Z, 7636
2026-03-08T02:05:01Z, 7637
2026-03-08T02:10:01Z, 7637
2026-03-08T02:15:01Z, 7639
2026-03-08T02:20:01Z, 7637
2026-03-08T02:25:01Z, 7637
2026-03-08T02:30:01Z, 7638
2026-03-08T02:35:01Z, 7638
2026-03-08T02:40:01Z, 7639
2026-03-08T02:45:01Z, 7640
2026-03-08T02:50:01Z, 7641
2026-03-08T02:55:01Z, 7641
2026-03-08T03:00:01Z, 7641
2026-03-08T03:05:01Z, 7641
2026-03-08T03:10:01Z, 7641
2026-03-08T03:15:01Z, 7657
2026-03-08T03:20:01Z, 7657
2026-03-08T03:25:01Z, 7657
2026-03-08T03:30:01Z, 7662
2026-03-08T03:35:01Z, 7660
2026-03-08T03:40:01Z, 7660
2026-03-08T03:45:01Z, 7662
2026-03-08T03:50:01Z, 7662
2026-03-08T03:55:01Z, 7662
2026-03-08T04:00:01Z, 7662
2026-03-08T04:05:01Z, 7662
2026-03-08T04:10:01Z, 7662
2026-03-08T04:15:01Z, 7662
2026-03-08T04:20:01Z, 7663
2026-03-08T04:25:01Z, 7663
2026-03-08T04:30:01Z, 7665
2026-03-08T04:35:01Z, 7665
2026-03-08T04:40:01Z, 7668
2026-03-08T04:45:01Z, 7668
2026-03-08T04:50:01Z, 7670
2026-03-08T04:55:01Z, 7670
2026-03-08T05:00:01Z, 7670
2026-03-08T05:05:01Z, 7673
2026-03-08T05:10:01Z, 7674
2026-03-08T05:15:01Z, 7681
2026-03-08T05:20:01Z, 7681
2026-03-08T05:25:01Z, 7683
2026-03-08T05:30:01Z, 7683
2026-03-08T05:35:01Z, 7681
2026-03-08T05:40:01Z, 7681
2026-03-08T05:45:01Z, 7682
2026-03-08T05:50:01Z, 7694
2026-03-08T05:55:01Z, 7695
2026-03-08T06:00:01Z, 7695
2026-03-08T06:05:01Z, 7693
2026-03-08T06:10:01Z, 7693
2026-03-08T06:15:01Z, 7696
2026-03-08T06:20:01Z, 7695
2026-03-08T06:25:01Z, 7697
2026-03-08T06:30:01Z, 7698
2026-03-08T06:35:01Z, 7699
2026-03-08T06:40:01Z, 7700
2026-03-08T06:45:01Z, 7701
2026-03-08T06:50:01Z, 7701
2026-03-08T06:55:01Z, 7701
2026-03-08T07:00:01Z, 7701
2026-03-08T07:05:01Z, 7702
2026-03-08T07:10:01Z, 7702
2026-03-08T07:15:01Z, 7704
2026-03-08T07:20:01Z, 7705
2026-03-08T07:25:02Z, 7709
2026-03-08T07:30:01Z, 7707
2026-03-08T07:35:01Z, 7709
2026-03-08T07:40:01Z, 7709
2026-03-08T07:45:01Z, 7709
2026-03-08T07:50:01Z, 7710
2026-03-08T07:55:01Z, 7714
2026-03-08T08:00:01Z, 7712
2026-03-08T08:05:01Z, 7712
2026-03-08T08:10:01Z, 7713
2026-03-08T08:15:01Z, 7713
2026-03-08T08:20:01Z, 7713
2026-03-08T08:25:01Z, 7714
2026-03-08T08:30:01Z, 7714
2026-03-08T08:35:01Z, 7715
2026-03-08T08:40:01Z, 7715
2026-03-08T08:45:01Z, 7716
2026-03-08T08:50:01Z, 7717
2026-03-08T08:55:01Z, 7718
2026-03-08T09:00:01Z, 7718
2026-03-08T09:05:01Z, 7718
2026-03-08T09:10:01Z, 7720
2026-03-08T09:15:01Z, 7720
2026-03-08T09:20:01Z, 7720
2026-03-08T09:25:01Z, 7718
2026-03-08T09:30:01Z, 7718
2026-03-08T09:35:01Z, 7718
2026-03-08T09:40:01Z, 7718
2026-03-08T09:45:01Z, 7716
2026-03-08T09:50:01Z, 7716
2026-03-08T09:55:01Z, 7716
2026-03-08T10:00:01Z, 7717
2026-03-08T10:05:01Z, 7717
2026-03-08T10:10:01Z, 7718
2026-03-08T10:15:01Z, 7718
2026-03-08T10:20:01Z, 7718
2026-03-08T10:25:01Z, 7720
2026-03-08T10:30:01Z, 7720
2026-03-08T10:35:01Z, 7720
2026-03-08T10:40:01Z, 7721
2026-03-08T10:45:01Z, 7723
2026-03-08T10:50:01Z, 7723
2026-03-08T10:55:01Z, 7723
2026-03-08T11:00:01Z, 7723
2026-03-08T11:05:01Z, 7723
2026-03-08T11:10:01Z, 7723
2026-03-08T11:15:01Z, 7723
2026-03-08T11:20:01Z, 7723
2026-03-08T11:25:01Z, 7726
2026-03-08T11:30:01Z, 7728
2026-03-08T11:35:01Z, 7728
2026-03-08T11:40:01Z, 7729
2026-03-08T11:45:01Z, 7769
2026-03-08T11:50:01Z, 7769
2026-03-08T11:55:01Z, 7769
2026-03-08T12:00:01Z, 7769
2026-03-08T12:05:01Z, 7770
2026-03-08T12:10:01Z, 7772
2026-03-08T12:15:01Z, 7774
2026-03-08T12:20:01Z, 7774
2026-03-08T12:25:01Z, 7774
2026-03-08T12:30:01Z, 7774
2026-03-08T12:35:01Z, 7774
2026-03-08T12:40:01Z, 7777
2026-03-08T12:45:01Z, 7777
2026-03-08T12:50:01Z, 7777
2026-03-08T12:55:01Z, 7778
2026-03-08T13:00:01Z, 7778
2026-03-08T13:05:01Z, 7779
2026-03-08T13:10:01Z, 7779
2026-03-08T13:15:01Z, 7780
2026-03-08T13:20:01Z, 7781
2026-03-08T13:25:01Z, 7782
2026-03-08T13:30:01Z, 7776
2026-03-08T13:35:01Z, 7777
2026-03-08T13:40:01Z, 7778
2026-03-08T13:45:01Z, 7778
2026-03-08T13:50:01Z, 7778
2026-03-08T13:55:01Z, 7779
2026-03-08T14:00:01Z, 7779
2026-03-08T14:05:01Z, 7780
2026-03-08T14:10:01Z, 7780
2026-03-08T14:15:01Z, 7782
2026-03-08T14:20:01Z, 7783
2026-03-08T14:25:01Z, 7784
2026-03-08T14:30:01Z, 7786
2026-03-08T14:35:01Z, 7787
2026-03-08T14:40:01Z, 7789
2026-03-08T14:45:01Z, 7790
2026-03-08T14:50:01Z, 7796
2026-03-08T14:55:01Z, 7796
2026-03-08T15:00:01Z, 7796
2026-03-08T15:05:01Z, 7796
2026-03-08T15:10:01Z, 7796
2026-03-08T15:15:01Z, 7802
2026-03-08T15:20:01Z, 7802
2026-03-08T15:25:01Z, 7805
2026-03-08T15:30:01Z, 7816
2026-03-08T15:35:01Z, 7816
2026-03-08T15:40:01Z, 7816
2026-03-08T15:45:01Z, 7817
2026-03-08T15:50:01Z, 7817
2026-03-08T15:55:01Z, 7818
2026-03-08T16:00:01Z, 7819
2026-03-08T16:05:01Z, 7819
2026-03-08T16:10:01Z, 7825
2026-03-08T16:15:01Z, 7825
2026-03-08T16:20:01Z, 7826
2026-03-08T16:25:01Z, 7826
2026-03-08T16:30:01Z, 7827
2026-03-08T16:35:01Z, 7827
2026-03-08T16:40:01Z, 7862
2026-03-08T16:45:01Z, 7863
2026-03-08T16:50:01Z, 7864
2026-03-08T16:55:01Z, 7864
2026-03-08T17:00:01Z, 7865
2026-03-08T17:05:01Z, 7864
2026-03-08T17:10:01Z, 7864
2026-03-08T17:15:01Z, 7867
2026-03-08T17:20:01Z, 7867
2026-03-08T17:25:01Z, 7867
2026-03-08T17:30:01Z, 7867
2026-03-08T17:35:01Z, 7867
2026-03-08T17:40:01Z, 7870
2026-03-08T17:45:01Z, 7871
2026-03-08T17:50:01Z, 7871
2026-03-08T17:55:01Z, 7873
2026-03-08T18:00:01Z, 7874
2026-03-08T18:05:01Z, 7873
2026-03-08T18:10:01Z, 7873
2026-03-08T18:15:01Z, 7875
2026-03-08T18:20:01Z, 7873
2026-03-08T18:25:01Z, 7873
2026-03-08T18:30:01Z, 7873
2026-03-08T18:35:01Z, 7873
2026-03-08T18:40:01Z, 7873
2026-03-08T18:45:01Z, 7873
2026-03-08T18:50:01Z, 7873
2026-03-08T18:55:01Z, 7873
2026-03-08T19:00:01Z, 7873
2026-03-08T19:05:00Z, 7873
2026-03-08T19:10:01Z, 7873
2026-03-08T19:15:01Z, 7873
2026-03-08T19:20:01Z, 7873
2026-03-08T19:25:01Z, 7874
2026-03-08T19:30:01Z, 7874
2026-03-08T19:35:01Z, 7874
2026-03-08T19:40:01Z, 7874
2026-03-08T19:45:01Z, 7875
2026-03-08T19:50:01Z, 7877
2026-03-08T19:55:01Z, 7878
2026-03-08T20:00:01Z, 7879
2026-03-08T20:05:01Z, 7882
2026-03-08T20:10:01Z, 7883
2026-03-08T20:15:01Z, 7887
2026-03-08T20:20:02Z, 7888
2026-03-08T20:25:01Z, 7888
2026-03-08T20:30:01Z, 7888
2026-03-08T20:35:01Z, 7889
2026-03-08T20:40:01Z, 7887
2026-03-08T20:45:01Z, 7890
2026-03-08T20:50:01Z, 7890
2026-03-08T20:55:01Z, 7893
2026-03-08T21:00:01Z, 7894
2026-03-08T21:05:01Z, 7894
2026-03-08T21:10:01Z, 7899
2026-03-08T21:15:01Z, 7897
2026-03-08T21:20:01Z, 7898
2026-03-08T21:25:01Z, 7900
2026-03-08T21:30:01Z, 7900
2026-03-08T21:35:01Z, 7900
2026-03-08T21:40:01Z, 7900
2026-03-08T21:45:01Z, 7901
2026-03-08T21:50:01Z, 7901
2026-03-08T21:55:01Z, 7902
2026-03-08T22:00:01Z, 7902
2026-03-08T22:05:01Z, 7902
2026-03-08T22:10:01Z, 7904
2026-03-08T22:15:01Z, 7904
2026-03-08T22:20:01Z, 7904
2026-03-08T22:25:01Z, 7904
2026-03-08T22:30:01Z, 7904
2026-03-08T22:35:01Z, 7907
2026-03-08T22:40:01Z, 7907
2026-03-08T22:45:01Z, 7907
2026-03-08T22:50:01Z, 7907
2026-03-08T22:55:01Z, 7905
2026-03-08T23:00:01Z, 7905
2026-03-08T23:05:01Z, 7905
2026-03-08T23:10:01Z, 7905
2026-03-08T23:15:01Z, 7905
2026-03-08T23:20:01Z, 7905
2026-03-08T23:25:01Z, 7905
2026-03-08T23:30:01Z, 7905
2026-03-08T23:35:01Z, 7905
2026-03-08T23:40:01Z, 7905
2026-03-08T23:45:01Z, 7905
2026-03-08T23:50:01Z, 7906
2026-03-08T23:55:01Z, 7906
2026-03-09T00:00:01Z, 7907
2026-03-09T00:05:01Z, 7907
2026-03-09T00:10:01Z, 7907
2026-03-09T00:15:02Z, 7907
2026-03-09T00:20:01Z, 7907
2026-03-09T00:25:01Z, 7907
2026-03-09T00:30:01Z, 7907
2026-03-09T00:35:01Z, 7907
2026-03-09T00:40:01Z, 7909
2026-03-09T00:45:01Z, 7909
2026-03-09T00:50:01Z, 7909
2026-03-09T00:55:01Z, 7909
2026-03-09T01:00:01Z, 7911
2026-03-09T01:05:01Z, 7911
2026-03-09T01:10:01Z, 7911
2026-03-09T01:15:01Z, 7911
2026-03-09T01:20:01Z, 7912
2026-03-09T01:25:01Z, 7913
2026-03-09T01:30:01Z, 7915
2026-03-09T01:35:01Z, 7919
2026-03-09T01:40:01Z, 7919
2026-03-09T01:45:01Z, 7919
2026-03-09T01:50:01Z, 7919
2026-03-09T01:55:01Z, 7922
2026-03-09T02:00:01Z, 7924
2026-03-09T02:05:01Z, 7924
2026-03-09T02:10:01Z, 7924
2026-03-09T02:15:01Z, 7922
2026-03-09T02:20:01Z, 7922
2026-03-09T02:25:01Z, 7922
2026-03-09T02:30:01Z, 7907
2026-03-09T02:35:01Z, 7922
2026-03-09T02:40:01Z, 7922
2026-03-09T02:45:01Z, 7924
2026-03-09T02:50:01Z, 7924
2026-03-09T02:55:01Z, 7926
2026-03-09T03:00:01Z, 7927
2026-03-09T03:05:01Z, 7927
2026-03-09T03:10:01Z, 7927
2026-03-09T03:15:01Z, 7927
2026-03-09T03:20:01Z, 7930
2026-03-09T03:25:01Z, 7930
2026-03-09T03:30:01Z, 7935
2026-03-09T03:35:01Z, 7935
2026-03-09T03:40:01Z, 7940
2026-03-09T03:45:01Z, 7941
2026-03-09T03:50:01Z, 7941
2026-03-09T03:55:01Z, 7943
2026-03-09T04:00:01Z, 7943
2026-03-09T04:05:01Z, 7943
2026-03-09T04:10:01Z, 7955
2026-03-09T04:15:01Z, 7955
2026-03-09T04:20:01Z, 7955
2026-03-09T04:25:01Z, 7955
2026-03-09T04:30:01Z, 7955
2026-03-09T04:35:01Z, 7955
2026-03-09T04:40:01Z, 7955
2026-03-09T04:45:01Z, 7955
2026-03-09T04:50:01Z, 7955
2026-03-09T04:55:01Z, 7959
2026-03-09T05:00:01Z, 7961
2026-03-09T05:05:01Z, 7961
2026-03-09T05:10:01Z, 7959
2026-03-09T05:15:01Z, 7959
2026-03-09T05:20:01Z, 7959
2026-03-09T05:25:01Z, 7960
2026-03-09T05:30:01Z, 7966
2026-03-09T05:35:01Z, 8004
2026-03-09T05:40:01Z, 8004
2026-03-09T05:45:01Z, 8005
2026-03-09T05:50:01Z, 8003
2026-03-09T05:55:01Z, 8005
2026-03-09T06:00:01Z, 8005
2026-03-09T06:05:01Z, 8007
2026-03-09T06:10:01Z, 8008
2026-03-09T06:15:01Z, 8009
2026-03-09T06:20:01Z, 8011
2026-03-09T06:25:01Z, 8013
2026-03-09T06:30:01Z, 8014
2026-03-09T06:35:01Z, 8015
2026-03-09T06:40:01Z, 8015
2026-03-09T06:45:01Z, 8015
2026-03-09T06:50:01Z, 8015
2026-03-09T06:55:01Z, 8018
2026-03-09T07:00:01Z, 8020
2026-03-09T07:05:01Z, 8020
2026-03-09T07:10:01Z, 8018
2026-03-09T07:15:01Z, 8018
2026-03-09T07:20:01Z, 8018
2026-03-09T07:25:01Z, 8020
2026-03-09T07:30:01Z, 8022
2026-03-09T07:35:01Z, 8022
2026-03-09T07:40:01Z, 8024
2026-03-09T07:45:01Z, 8029
2026-03-09T07:50:01Z, 8032
2026-03-09T07:55:01Z, 8032
2026-03-09T08:00:01Z, 8032
2026-03-09T08:05:01Z, 8032
2026-03-09T08:10:01Z, 8032
2026-03-09T08:15:01Z, 8032
2026-03-09T08:20:01Z, 8033
2026-03-09T08:25:01Z, 8034
2026-03-09T08:30:01Z, 8035
2026-03-09T08:35:01Z, 8036
2026-03-09T08:40:01Z, 8038
2026-03-09T08:45:01Z, 8039
2026-03-09T08:50:01Z, 8039
2026-03-09T08:55:01Z, 8041
2026-03-09T09:00:01Z, 8042
2026-03-09T09:05:01Z, 8042
2026-03-09T09:10:01Z, 8042
2026-03-09T09:15:01Z, 8043
2026-03-09T09:20:01Z, 8043
2026-03-09T09:25:01Z, 8044
2026-03-09T09:30:01Z, 8044
2026-03-09T09:35:01Z, 8044
2026-03-09T09:40:01Z, 8044
2026-03-09T09:45:01Z, 8045
2026-03-09T09:50:01Z, 8045
2026-03-09T09:55:01Z, 8047
2026-03-09T10:00:01Z, 8047
2026-03-09T10:05:01Z, 8047
2026-03-09T10:10:01Z, 8047
2026-03-09T10:15:02Z, 8049
2026-03-09T10:20:01Z, 8049
2026-03-09T10:25:01Z, 8052
2026-03-09T10:30:01Z, 8052
2026-03-09T10:35:01Z, 8052
2026-03-09T10:40:01Z, 8052
2026-03-09T10:45:01Z, 8052
2026-03-09T10:50:01Z, 8053
2026-03-09T10:55:01Z, 8053
2026-03-09T11:00:01Z, 8053
2026-03-09T11:05:01Z, 8054
2026-03-09T11:10:01Z, 8049
2026-03-09T11:15:01Z, 8051
2026-03-09T11:20:01Z, 8051
2026-03-09T11:25:01Z, 8051
2026-03-09T11:30:01Z, 8051
2026-03-09T11:35:01Z, 8052
2026-03-09T11:40:01Z, 8052
2026-03-09T11:45:01Z, 8052
2026-03-09T11:50:01Z, 8052
2026-03-09T11:55:01Z, 8054
2026-03-09T12:00:01Z, 8054
2026-03-09T12:05:01Z, 8055
2026-03-09T12:10:01Z, 8055
2026-03-09T12:15:01Z, 8055
2026-03-09T12:20:01Z, 8057
2026-03-09T12:25:01Z, 8057
2026-03-09T12:30:01Z, 8057
2026-03-09T12:35:01Z, 8057
2026-03-09T12:40:01Z, 8057
2026-03-09T12:45:01Z, 8057
2026-03-09T12:50:01Z, 8057
2026-03-09T12:55:01Z, 8057
2026-03-09T13:00:01Z, 8057
2026-03-09T13:05:01Z, 8057
2026-03-09T13:10:01Z, 8057
2026-03-09T13:15:01Z, 8060
2026-03-09T13:20:01Z, 8061
2026-03-09T13:25:01Z, 8061
2026-03-09T13:30:01Z, 8061
2026-03-09T13:35:01Z, 8070
2026-03-09T13:40:01Z, 8071
2026-03-09T13:45:01Z, 8071
2026-03-09T13:50:01Z, 8071
2026-03-09T13:55:01Z, 8072
2026-03-09T14:00:01Z, 8072
2026-03-09T14:05:01Z, 8072
2026-03-09T14:10:01Z, 8072
2026-03-09T14:15:01Z, 8072
2026-03-09T14:20:01Z, 8076
2026-03-09T14:25:01Z, 8078
2026-03-09T14:30:01Z, 8078
2026-03-09T14:35:01Z, 8078
2026-03-09T14:40:01Z, 8077
2026-03-09T14:45:01Z, 8077
2026-03-09T14:50:01Z, 8078
2026-03-09T14:55:01Z, 8079
2026-03-09T15:00:01Z, 8080
2026-03-09T15:05:01Z, 8080
2026-03-09T15:10:01Z, 8070
2026-03-09T15:15:01Z, 8072
2026-03-09T15:20:01Z, 8074
2026-03-09T15:25:01Z, 8076
2026-03-09T15:30:01Z, 8178
2026-03-09T15:35:01Z, 8178
2026-03-09T15:40:01Z, 8178
2026-03-09T15:45:01Z, 8181
2026-03-09T15:50:01Z, 8181
2026-03-09T15:55:01Z, 8179
2026-03-09T16:00:01Z, 8180
2026-03-09T16:05:01Z, 8182
2026-03-09T16:10:01Z, 8080
2026-03-09T16:15:01Z, 8088
2026-03-09T16:20:01Z, 8089
2026-03-09T16:25:01Z, 8089
2026-03-09T16:30:01Z, 8089
2026-03-09T16:35:01Z, 8089
2026-03-09T16:40:01Z, 8093
2026-03-09T16:45:01Z, 8093
2026-03-09T16:50:02Z, 8094
2026-03-09T16:55:01Z, 8094
2026-03-09T17:00:01Z, 8094
2026-03-09T17:05:01Z, 8094
2026-03-09T17:10:01Z, 8095
2026-03-09T17:15:01Z, 8098
2026-03-09T17:20:01Z, 8098
2026-03-09T17:25:01Z, 8098
2026-03-09T17:30:01Z, 8105
2026-03-09T17:35:02Z, 8105
2026-03-09T17:40:01Z, 8107
2026-03-09T17:45:01Z, 8108
2026-03-09T17:50:01Z, 8082
2026-03-09T17:55:01Z, 8082
2026-03-09T18:00:01Z, 8085
2026-03-09T18:05:01Z, 8085
2026-03-09T18:10:01Z, 8085
2026-03-09T18:15:01Z, 8087
2026-03-09T18:20:01Z, 8087
2026-03-09T18:25:01Z, 8087
2026-03-09T18:30:01Z, 8087
2026-03-09T18:35:01Z, 8087
2026-03-09T18:40:01Z, 8090
2026-03-09T18:45:01Z, 8082
2026-03-09T18:50:01Z, 8082
2026-03-09T18:55:01Z, 8092
2026-03-09T19:00:01Z, 8092
2026-03-09T19:05:01Z, 8092
2026-03-09T19:10:01Z, 8092
2026-03-09T19:15:01Z, 8095
2026-03-09T19:20:01Z, 8093
2026-03-09T19:25:01Z, 8093
2026-03-09T19:30:01Z, 8093
2026-03-09T19:35:01Z, 8096
2026-03-09T19:40:01Z, 8097
2026-03-09T19:45:01Z, 8097
2026-03-09T19:50:01Z, 8097
2026-03-09T19:55:01Z, 8097
2026-03-09T20:00:01Z, 7799
2026-03-09T20:05:01Z, 7800
2026-03-09T20:10:01Z, 7800
2026-03-09T20:15:01Z, 7800
2026-03-09T20:20:01Z, 7800
2026-03-09T20:25:01Z, 7800
2026-03-09T20:30:01Z, 7801
2026-03-09T20:35:01Z, 7810
2026-03-09T20:40:01Z, 7810
2026-03-09T20:45:01Z, 7812
2026-03-09T20:50:01Z, 7812
2026-03-09T20:55:01Z, 7812
2026-03-09T21:00:01Z, 7812
2026-03-09T21:05:01Z, 7812
2026-03-09T21:10:01Z, 7815
2026-03-09T21:15:01Z, 7817
2026-03-09T21:20:01Z, 7817
2026-03-09T21:25:01Z, 7818
2026-03-09T21:30:01Z, 7818
2026-03-09T21:35:01Z, 7818
2026-03-09T21:40:01Z, 7818
2026-03-09T21:45:01Z, 7818
2026-03-09T21:50:01Z, 7818
2026-03-09T21:55:01Z, 7818
2026-03-09T22:00:01Z, 7819
2026-03-09T22:05:01Z, 7819
2026-03-09T22:10:01Z, 7819
2026-03-09T22:15:02Z, 7819
2026-03-09T22:20:01Z, 7819
2026-03-09T22:25:01Z, 7819
2026-03-09T22:30:01Z, 7819
2026-03-09T22:35:01Z, 7819
2026-03-09T22:40:01Z, 7819
2026-03-09T22:45:01Z, 7825
2026-03-09T22:50:01Z, 7825
2026-03-09T22:55:01Z, 7826
2026-03-09T23:00:01Z, 7826
2026-03-09T23:05:01Z, 7826
2026-03-09T23:10:01Z, 7826
2026-03-09T23:15:01Z, 7826
2026-03-09T23:20:01Z, 7826
2026-03-09T23:25:01Z, 7830
2026-03-09T23:30:01Z, 7830
2026-03-09T23:35:01Z, 7831
2026-03-09T23:40:01Z, 7831
2026-03-09T23:45:01Z, 7831
2026-03-09T23:50:01Z, 7831
2026-03-09T23:55:01Z, 7831
2026-03-10T00:00:01Z, 7831
2026-03-10T00:05:01Z, 7831
2026-03-10T00:10:01Z, 7833
2026-03-10T00:15:01Z, 7833
2026-03-10T00:20:01Z, 7837
2026-03-10T00:25:01Z, 7837
2026-03-10T00:30:01Z, 7837
2026-03-10T00:35:01Z, 7837
2026-03-10T00:40:01Z, 7837
2026-03-10T00:45:01Z, 7837
2026-03-10T00:50:01Z, 7837
2026-03-10T00:55:01Z, 7839
2026-03-10T01:00:01Z, 7839
2026-03-10T01:05:01Z, 7841
2026-03-10T01:10:01Z, 7841
2026-03-10T01:15:01Z, 7841
2026-03-10T01:20:01Z, 7841
2026-03-10T01:25:01Z, 7843
2026-03-10T01:30:01Z, 7843
2026-03-10T01:35:01Z, 7843
2026-03-10T01:40:01Z, 7843
2026-03-10T01:45:01Z, 7843
2026-03-10T01:50:01Z, 7844
2026-03-10T01:55:01Z, 7845
2026-03-10T02:00:01Z, 7843
2026-03-10T02:05:01Z, 7843
2026-03-10T02:10:01Z, 7843
2026-03-10T02:15:02Z, 7849
2026-03-10T02:20:01Z, 7849
2026-03-10T02:25:01Z, 7849
2026-03-10T02:30:01Z, 7859
2026-03-10T02:35:01Z, 7861
2026-03-10T02:40:01Z, 7861
2026-03-10T02:45:01Z, 7860
2026-03-10T02:50:01Z, 7860
2026-03-10T02:55:01Z, 7862
2026-03-10T03:00:01Z, 7864
2026-03-10T03:05:01Z, 7864
2026-03-10T03:10:01Z, 7855
2026-03-10T03:15:01Z, 7855
2026-03-10T03:20:01Z, 7857
2026-03-10T03:25:01Z, 7857
2026-03-10T03:30:01Z, 7858
2026-03-10T03:35:01Z, 7858
2026-03-10T03:40:01Z, 7859
2026-03-10T03:45:01Z, 7859
2026-03-10T03:50:01Z, 7859
2026-03-10T03:55:01Z, 7861
2026-03-10T04:00:01Z, 7861
2026-03-10T04:05:01Z, 7862
2026-03-10T04:10:01Z, 7864
2026-03-10T04:15:01Z, 7864
2026-03-10T04:20:01Z, 7864
2026-03-10T04:25:01Z, 7864
2026-03-10T04:30:01Z, 7864
2026-03-10T04:35:01Z, 7864
2026-03-10T04:40:01Z, 7864
2026-03-10T04:45:02Z, 7864
2026-03-10T04:50:01Z, 7864
2026-03-10T04:55:01Z, 7865
2026-03-10T05:00:01Z, 7865
2026-03-10T05:05:01Z, 7865
2026-03-10T05:10:01Z, 7865
2026-03-10T05:15:01Z, 7865
2026-03-10T05:20:01Z, 7866
2026-03-10T05:25:01Z, 7866
2026-03-10T05:30:01Z, 7864
2026-03-10T05:35:01Z, 7862
2026-03-10T05:40:01Z, 7862
2026-03-10T05:45:01Z, 7862
2026-03-10T05:50:01Z, 7862
2026-03-10T05:55:01Z, 7862
2026-03-10T06:00:01Z, 7862
2026-03-10T06:05:01Z, 7862
2026-03-10T06:10:01Z, 7864
2026-03-10T06:15:01Z, 7864
2026-03-10T06:20:01Z, 7877
2026-03-10T06:25:01Z, 7877
2026-03-10T06:30:01Z, 7879
2026-03-10T06:35:01Z, 7882
2026-03-10T06:40:01Z, 7884
2026-03-10T06:45:01Z, 7885
2026-03-10T06:50:01Z, 7887
2026-03-10T06:55:01Z, 7885
2026-03-10T07:00:01Z, 7885
2026-03-10T07:05:01Z, 7885
2026-03-10T07:10:01Z, 7887
2026-03-10T07:15:01Z, 7887
2026-03-10T07:20:01Z, 7885
2026-03-10T07:25:01Z, 7887
2026-03-10T07:30:01Z, 7887
2026-03-10T07:35:01Z, 7887
2026-03-10T07:40:01Z, 7888
2026-03-10T07:45:01Z, 7688
2026-03-10T07:50:01Z, 7888
2026-03-10T07:55:01Z, 7888
2026-03-10T08:00:01Z, 7888
2026-03-10T08:05:01Z, 7888
2026-03-10T08:10:01Z, 7890
2026-03-10T08:15:01Z, 7891
2026-03-10T08:20:01Z, 7891
2026-03-10T08:25:01Z, 7891
2026-03-10T08:30:01Z, 7891
2026-03-10T08:35:01Z, 7891
2026-03-10T08:40:01Z, 7893
2026-03-10T08:45:01Z, 7895
2026-03-10T08:50:01Z, 7895
2026-03-10T08:55:01Z, 7895
2026-03-10T09:00:01Z, 7896
2026-03-10T09:05:01Z, 7898
2026-03-10T09:10:01Z, 7898
2026-03-10T09:15:01Z, 7900
2026-03-10T09:20:01Z, 7900
2026-03-10T09:25:01Z, 7900
2026-03-10T09:30:01Z, 7906
2026-03-10T09:35:01Z, 7906
2026-03-10T09:40:01Z, 7906
2026-03-10T09:45:01Z, 7904
2026-03-10T09:50:01Z, 7904
2026-03-10T09:55:01Z, 7904
2026-03-10T10:00:01Z, 7904
2026-03-10T10:05:01Z, 7904
2026-03-10T10:10:02Z, 7905
2026-03-10T10:15:01Z, 7905
2026-03-10T10:20:01Z, 7908
2026-03-10T10:25:01Z, 7908
2026-03-10T10:30:01Z, 7908
2026-03-10T10:35:01Z, 7909
2026-03-10T10:40:01Z, 7910
2026-03-10T10:45:01Z, 7910
2026-03-10T10:50:01Z, 7913
2026-03-10T10:55:01Z, 7913
2026-03-10T11:00:01Z, 7913
2026-03-10T11:05:01Z, 7913
2026-03-10T11:10:01Z, 7914
2026-03-10T11:15:01Z, 7914
2026-03-10T11:20:01Z, 7914
2026-03-10T11:25:01Z, 7914
2026-03-10T11:30:01Z, 7913
2026-03-10T11:35:01Z, 7913
2026-03-10T11:40:01Z, 7913
2026-03-10T11:45:01Z, 7917
2026-03-10T11:50:01Z, 7919
2026-03-10T11:55:01Z, 7919
2026-03-10T12:00:01Z, 7921
2026-03-10T12:05:01Z, 7921
2026-03-10T12:10:01Z, 7921
2026-03-10T12:15:01Z, 7921
2026-03-10T12:20:01Z, 7921
2026-03-10T12:25:01Z, 7921
2026-03-10T12:30:01Z, 7922
2026-03-10T12:35:01Z, 7921
2026-03-10T12:40:01Z, 7921
2026-03-10T12:45:01Z, 7923
2026-03-10T12:50:01Z, 7923
2026-03-10T12:55:01Z, 7924
2026-03-10T13:00:01Z, 7925
2026-03-10T13:05:01Z, 7925
2026-03-10T13:10:01Z, 7925
2026-03-10T13:15:01Z, 7925
2026-03-10T13:20:01Z, 7924
2026-03-10T13:25:01Z, 7924
2026-03-10T13:30:01Z, 7924
2026-03-10T13:35:01Z, 7926
2026-03-10T13:40:01Z, 7926
2026-03-10T13:45:01Z, 7926
2026-03-10T13:50:01Z, 7929
2026-03-10T13:55:01Z, 7929
2026-03-10T14:00:01Z, 7929
2026-03-10T14:05:01Z, 7929
2026-03-10T14:10:01Z, 7929
2026-03-10T14:15:01Z, 7929
2026-03-10T14:20:01Z, 7929
2026-03-10T14:25:01Z, 7929
2026-03-10T14:30:01Z, 7929
2026-03-10T14:35:01Z, 7929
2026-03-10T14:40:01Z, 7931
2026-03-10T14:45:01Z, 7929
2026-03-10T14:50:01Z, 7929
2026-03-10T14:55:01Z, 7929
2026-03-10T15:00:01Z, 7932
2026-03-10T15:05:01Z, 7932
2026-03-10T15:10:01Z, 7932
2026-03-10T15:15:01Z, 7932
2026-03-10T15:20:01Z, 7932
2026-03-10T15:25:01Z, 7933
2026-03-10T15:30:01Z, 7935
2026-03-10T15:35:01Z, 7935
2026-03-10T15:40:01Z, 7935
2026-03-10T15:45:01Z, 7937
2026-03-10T15:50:01Z, 7939
2026-03-10T15:55:01Z, 7939
2026-03-10T16:00:01Z, 7939
2026-03-10T16:05:01Z, 7940
2026-03-10T16:10:01Z, 7940
2026-03-10T16:15:01Z, 7940
2026-03-10T16:20:02Z, 7942
2026-03-10T16:25:01Z, 7944
2026-03-10T16:30:01Z, 7944
2026-03-10T16:35:01Z, 7944
2026-03-10T16:40:01Z, 7946
2026-03-10T16:45:01Z, 7946
2026-03-10T16:50:01Z, 7944
2026-03-10T16:55:01Z, 7949
2026-03-10T17:00:01Z, 7949
2026-03-10T17:05:02Z, 7949
2026-03-10T17:10:01Z, 7949
2026-03-10T17:15:01Z, 7949
2026-03-10T17:20:01Z, 7950
2026-03-10T17:25:01Z, 7950
2026-03-10T17:30:01Z, 7952
2026-03-10T17:35:01Z, 7952
2026-03-10T17:40:01Z, 7952
2026-03-10T17:45:01Z, 7954
2026-03-10T17:50:01Z, 7954
2026-03-10T17:55:01Z, 7952
2026-03-10T18:00:01Z, 7955
2026-03-10T18:05:01Z, 7955
2026-03-10T18:10:01Z, 7955
2026-03-10T18:15:01Z, 7956
2026-03-10T18:20:01Z, 7959
2026-03-10T18:25:01Z, 7959
2026-03-10T18:30:01Z, 7959
2026-03-10T18:35:01Z, 7961
2026-03-10T18:40:01Z, 7959
2026-03-10T18:45:01Z, 7957
2026-03-10T18:50:01Z, 7958
2026-03-10T18:55:01Z, 7958
2026-03-10T19:00:01Z, 7958
2026-03-10T19:05:01Z, 7958
2026-03-10T19:10:02Z, 7959
2026-03-10T19:15:01Z, 7969
2026-03-10T19:20:01Z, 7970
2026-03-10T19:25:01Z, 7940
2026-03-10T19:30:01Z, 7960
2026-03-10T19:35:01Z, 7960
2026-03-10T19:40:01Z, 7960
2026-03-10T19:45:01Z, 7960
2026-03-10T19:50:01Z, 7962
2026-03-10T19:55:01Z, 7962
2026-03-10T20:00:01Z, 7962
2026-03-10T20:05:01Z, 7962
2026-03-10T20:10:01Z, 7963
2026-03-10T20:15:01Z, 7963
2026-03-10T20:20:01Z, 7963
2026-03-10T20:25:01Z, 7966
2026-03-10T20:30:01Z, 7966
2026-03-10T20:35:01Z, 7964
2026-03-10T20:40:01Z, 7964
2026-03-10T20:45:01Z, 7964
2026-03-10T20:50:01Z, 7964
2026-03-10T20:55:01Z, 7966
2026-03-10T21:00:01Z, 7967
2026-03-10T21:05:01Z, 7967
2026-03-10T21:10:01Z, 7967
2026-03-10T21:15:01Z, 7967
2026-03-10T21:20:01Z, 7967
