2026-03-03-22:20:01, 669599
2026-03-03-22:25:01, 669668
2026-03-03-22:26:46, 669680
2026-03-03-22:30:01, 669777
2026-03-03-22:35:01, 669826
2026-03-03-22:40:01, 669873
2026-03-03-22:45:01, 669711
2026-03-03-22:50:01, 644069
2026-03-03-22:55:01, 669798
2026-03-03-23:00:01, 669841
2026-03-03-23:05:01, 651183
2026-03-03-23:10:01, 668713
2026-03-03-23:15:01, 669914
2026-03-03-23:20:01, 669941
2026-03-03-23:25:01, 670007
2026-03-03-23:30:01, 670047
2026-03-03-23:35:01, 670084
2026-03-03-23:40:01, 670099
2026-03-03-23:45:01, 670118
2026-03-03-23:50:01, 670174
2026-03-03-23:55:01, 670183
2026-03-04-00:00:01, 670237
2026-03-04-00:05:01, 670286
2026-03-04-00:10:01, 670321
2026-03-04-00:15:01, 670383
2026-03-04-00:20:01, 670410
2026-03-04-00:25:01, 670496
2026-03-04-00:30:01, 670606
2026-03-04-00:35:01, 670631
2026-03-04-00:40:01, 670654
2026-03-04-00:45:01, 670673
2026-03-04-00:50:01, 670717
2026-03-04-00:55:01, 670831
2026-03-04-01:00:01, 670861
2026-03-04-01:05:01, 670881
2026-03-04-01:08:16, 670900
2026-03-04-01:10:01, 670927
2026-03-04-01:15:01, 670931
2026-03-04-01:20:01, 670952
2026-03-04-01:25:01, 670974
2026-03-04-01:30:01, 669297
2026-03-04-01:35:01, 671071
2026-03-04-01:40:01, 671098
2026-03-04-01:45:01, 671144
2026-03-04-01:50:01, 671171
2026-03-04T15:44:30Z, 670830
2026-03-04T15:55:01Z, 677889
2026-03-04T16:00:01Z, 677930
2026-03-04T16:05:01Z, 677957
2026-03-04T16:10:01Z, 672686
2026-03-04T16:15:01Z, 671468
2026-03-04T16:20:01Z, 678076
2026-03-04T16:25:01Z, 678106
2026-03-04T16:30:01Z, 675506
2026-03-04T16:35:01Z, 673320
2026-03-04T16:40:01Z, 649214
2026-03-04T16:45:01Z, 668453
2026-03-04T16:50:01Z, 650055
2026-03-04T16:55:01Z, 669065
2026-03-04T17:00:02Z, 674289
2026-03-04T17:05:01Z, 656336
2026-03-04T17:10:01Z, 673026
2026-03-04T17:15:01Z, 666690
2026-03-04T17:20:02Z, 676806
2026-03-04T17:25:01Z, 678051
2026-03-04T17:30:01Z, 674889
2026-03-04T17:35:01Z, 678694
2026-03-04T17:40:01Z, 675108
2026-03-04T17:45:01Z, 678423
2026-03-04T17:50:01Z, 664644
2026-03-04T17:55:01Z, 663538
2026-03-04T18:00:01Z, 605150
2026-03-04T18:05:01Z, 674059
2026-03-04T18:10:01Z, 678685
2026-03-04T18:15:01Z, 678722
2026-03-04T18:20:01Z, 678779
2026-03-04T18:25:01Z, 675419
2026-03-04T18:30:01Z, 654480
2026-03-04T18:35:01Z, 578282
2026-03-04T18:40:01Z, 678781
2026-03-04T18:45:01Z, 678806
2026-03-04T18:50:01Z, 678866
2026-03-04T18:55:01Z, 376691
2026-03-04T19:00:01Z, 675390
2026-03-04T19:05:01Z, 678611
2026-03-04T19:10:01Z, 679024
2026-03-04T19:15:01Z, 673360
2026-03-04T19:20:01Z, 667682
2026-03-04T19:25:02Z, 679100
2026-03-04T19:30:01Z, 679198
2026-03-04T19:35:01Z, 672022
2026-03-04T19:40:01Z, 671501
2026-03-04T19:45:01Z, 675741
2026-03-04T19:50:01Z, 676797
2026-03-04T19:55:01Z, 679586
2026-03-04T20:00:01Z, 676895
2026-03-04T20:05:01Z, 674366
2026-03-04T20:10:01Z, 679705
2026-03-04T20:15:01Z, 679349
2026-03-04T20:20:01Z, 677963
2026-03-04T20:25:01Z, 679823
2026-03-04T20:30:01Z, 678192
2026-03-04T20:35:01Z, 676307
2026-03-04T20:40:01Z, 679991
2026-03-04T20:45:01Z, 676895
2026-03-04T20:50:01Z, 673454
2026-03-04T20:55:01Z, 674656
2026-03-04T21:00:01Z, 678204
2026-03-04T21:05:01Z, 636838
2026-03-04T21:10:01Z, 680360
2026-03-04T21:15:01Z, 680384
2026-03-04T21:20:01Z, 676052
2026-03-04T21:25:01Z, 679177
2026-03-04T21:30:01Z, 680457
2026-03-04T21:35:01Z, 680497
2026-03-04T21:40:01Z, 680531
2026-03-04T21:45:01Z, 666330
2026-03-04T21:50:01Z, 679072
2026-03-04T21:55:01Z, 679316
2026-03-04T22:00:01Z, 680712
2026-03-04T22:05:01Z, 680743
2026-03-04T22:10:01Z, 675486
2026-03-04T22:15:01Z, 660334
2026-03-04T22:20:01Z, 674144
2026-03-04T22:25:01Z, 680906
2026-03-04T22:30:01Z, 674714
2026-03-04T22:35:01Z, 680961
2026-03-04T22:40:01Z, 677738
2026-03-04T22:45:01Z, 680643
2026-03-04T22:50:01Z, 679515
2026-03-04T22:55:01Z, 681370
2026-03-04T23:00:01Z, 681388
2026-03-04T23:05:01Z, 681410
2026-03-04T23:10:01Z, 681471
2026-03-04T23:15:01Z, 679954
2026-03-04T23:20:01Z, 681522
2026-03-04T23:25:01Z, 681533
2026-03-04T23:30:01Z, 681547
2026-03-04T23:35:01Z, 681607
2026-03-04T23:40:01Z, 680789
2026-03-04T23:45:01Z, 681762
2026-03-04T23:50:01Z, 681788
2026-03-04T23:55:01Z, 681829
2026-03-05T00:00:01Z, 681210
2026-03-05T00:05:01Z, 681916
2026-03-05T00:10:01Z, 681967
2026-03-05T00:15:01Z, 682010
2026-03-05T00:20:01Z, 682052
2026-03-05T00:25:01Z, 682093
2026-03-05T00:30:01Z, 682105
2026-03-05T00:35:01Z, 682136
2026-03-05T00:40:01Z, 682165
2026-03-05T00:45:01Z, 682218
2026-03-05T00:50:01Z, 682305
2026-03-05T00:55:01Z, 682346
2026-03-05T01:00:01Z, 682364
2026-03-05T01:05:01Z, 682393
2026-03-05T01:10:01Z, 682409
2026-03-05T01:15:01Z, 682429
2026-03-05T01:20:01Z, 679820
2026-03-05T01:25:01Z, 682493
2026-03-05T01:30:01Z, 676056
2026-03-05T01:35:01Z, 682593
2026-03-05T01:40:01Z, 682632
2026-03-05T01:45:01Z, 682655
2026-03-05T01:50:01Z, 682691
2026-03-05T01:55:01Z, 682702
2026-03-05T02:00:01Z, 682770
2026-03-05T02:05:01Z, 682799
2026-03-05T02:10:01Z, 682842
2026-03-05T02:15:01Z, 682912
2026-03-05T02:20:01Z, 682937
2026-03-05T02:25:01Z, 679895
2026-03-05T02:30:01Z, 680417
2026-03-05T02:35:01Z, 679186
2026-03-05T02:40:01Z, 683134
2026-03-05T02:45:01Z, 676496
2026-03-05T02:50:01Z, 683080
2026-03-05T02:55:01Z, 653025
2026-03-05T03:00:01Z, 681597
2026-03-05T03:05:01Z, 680897
2026-03-05T03:10:01Z, 679957
2026-03-05T03:15:01Z, 683295
2026-03-05T03:20:01Z, 683094
2026-03-05T03:25:01Z, 678546
2026-03-05T03:30:01Z, 683421
2026-03-05T03:35:01Z, 683441
2026-03-05T03:40:01Z, 679354
2026-03-05T03:45:01Z, 675214
2026-03-05T03:50:01Z, 680612
2026-03-05T03:55:01Z, 683543
2026-03-05T04:00:01Z, 683580
2026-03-05T04:05:01Z, 683605
2026-03-05T04:10:01Z, 679281
2026-03-05T04:15:01Z, 683875
2026-03-05T04:20:01Z, 683910
2026-03-05T04:25:01Z, 683918
2026-03-05T04:30:01Z, 676060
2026-03-05T04:35:01Z, 683992
2026-03-05T04:40:01Z, 683976
2026-03-05T04:45:01Z, 684004
2026-03-05T04:50:01Z, 682323
2026-03-05T04:55:01Z, 683581
2026-03-05T05:00:01Z, 682818
2026-03-05T05:05:01Z, 682134
2026-03-05T05:10:01Z, 679357
2026-03-05T05:15:01Z, 681324
2026-03-05T05:20:01Z, 683531
2026-03-05T05:25:01Z, 684221
2026-03-05T05:30:01Z, 680566
2026-03-05T05:35:01Z, 684443
2026-03-05T05:40:01Z, 684845
2026-03-05T05:45:01Z, 650436
2026-03-05T05:50:01Z, 682311
2026-03-05T05:55:01Z, 649201
2026-03-05T06:00:01Z, 683477
2026-03-05T06:05:01Z, 678969
2026-03-05T06:10:01Z, 681687
2026-03-05T06:15:01Z, 684953
2026-03-05T06:20:01Z, 684948
2026-03-05T06:25:01Z, 684460
2026-03-05T06:30:01Z, 671316
2026-03-05T06:35:01Z, 685109
2026-03-05T06:40:01Z, 678727
2026-03-05T06:45:01Z, 678678
2026-03-05T06:50:01Z, 679215
2026-03-05T06:55:01Z, 685117
2026-03-05T07:00:01Z, 684831
2026-03-05T07:05:01Z, 685296
2026-03-05T07:10:01Z, 674677
2026-03-05T07:15:01Z, 683412
2026-03-05T07:20:01Z, 681624
2026-03-05T07:25:01Z, 685392
2026-03-05T07:30:01Z, 683833
2026-03-05T07:35:01Z, 683112
2026-03-05T07:40:01Z, 685498
2026-03-05T07:45:01Z, 685515
2026-03-05T07:50:01Z, 633662
2026-03-05T07:55:01Z, 631606
2026-03-05T08:00:01Z, 679183
2026-03-05T08:05:01Z, 684022
2026-03-05T08:10:01Z, 685566
2026-03-05T08:15:01Z, 665714
2026-03-05T08:20:01Z, 682764
2026-03-05T08:25:01Z, 680437
2026-03-05T08:30:02Z, 681928
2026-03-05T08:35:01Z, 684023
2026-03-05T08:40:01Z, 685661
2026-03-05T08:45:01Z, 679115
2026-03-05T08:50:01Z, 685765
2026-03-05T08:55:01Z, 670062
2026-03-05T09:00:01Z, 680838
2026-03-05T09:05:01Z, 685843
2026-03-05T09:10:01Z, 685865
2026-03-05T09:15:01Z, 683837
2026-03-05T09:20:01Z, 685997
2026-03-05T09:25:01Z, 685977
2026-03-05T09:30:01Z, 654968
2026-03-05T09:35:01Z, 677440
2026-03-05T09:40:01Z, 675029
2026-03-05T09:45:01Z, 609639
2026-03-05T09:50:01Z, 685961
2026-03-05T09:55:01Z, 651363
2026-03-05T10:00:01Z, 685936
2026-03-05T10:05:01Z, 680450
2026-03-05T10:10:01Z, 684662
2026-03-05T10:15:01Z, 685429
2026-03-05T10:20:01Z, 684027
2026-03-05T10:25:01Z, 682181
2026-03-05T10:30:01Z, 683476
2026-03-05T10:35:01Z, 686706
2026-03-05T10:40:01Z, 683748
2026-03-05T10:45:01Z, 682725
2026-03-05T10:50:01Z, 686809
2026-03-05T10:55:01Z, 686164
2026-03-05T11:00:01Z, 686385
2026-03-05T11:05:01Z, 686086
2026-03-05T11:10:01Z, 675859
2026-03-05T11:15:01Z, 686940
2026-03-05T11:20:01Z, 686822
2026-03-05T11:25:01Z, 686974
2026-03-05T11:30:01Z, 687006
2026-03-05T11:35:01Z, 678700
2026-03-05T11:40:01Z, 684100
2026-03-05T11:45:01Z, 687116
2026-03-05T11:50:01Z, 687158
2026-03-05T11:55:01Z, 686785
2026-03-05T12:00:01Z, 682783
2026-03-05T12:05:01Z, 687283
2026-03-05T12:10:01Z, 687251
2026-03-05T12:15:01Z, 686291
2026-03-05T12:20:02Z, 687564
2026-03-05T12:25:01Z, 682934
2026-03-05T12:30:01Z, 687610
2026-03-05T12:35:01Z, 683347
2026-03-05T12:40:01Z, 666871
2026-03-05T12:45:01Z, 687810
2026-03-05T12:50:01Z, 686378
2026-03-05T12:55:01Z, 663713
2026-03-05T13:00:01Z, 686303
2026-03-05T13:05:01Z, 674330
2026-03-05T13:10:01Z, 687991
2026-03-05T13:15:01Z, 687022
2026-03-05T13:20:01Z, 661294
2026-03-05T13:25:01Z, 641528
2026-03-05T13:30:01Z, 686558
2026-03-05T13:35:01Z, 688026
2026-03-05T13:40:01Z, 666865
2026-03-05T13:45:01Z, 688124
2026-03-05T13:50:01Z, 684089
2026-03-05T13:55:01Z, 688188
2026-03-05T14:00:01Z, 688132
2026-03-05T14:05:01Z, 680721
2026-03-05T14:10:01Z, 688199
2026-03-05T14:15:01Z, 642090
2026-03-05T14:20:01Z, 688282
2026-03-05T14:25:01Z, 680060
2026-03-05T14:30:01Z, 687269
2026-03-05T14:35:01Z, 659284
2026-03-05T14:40:01Z, 656854
2026-03-05T14:45:01Z, 659969
2026-03-05T14:50:01Z, 688515
2026-03-05T14:55:01Z, 688096
2026-03-05T15:00:01Z, 683898
2026-03-05T15:05:01Z, 682325
2026-03-05T15:10:01Z, 688617
2026-03-05T15:15:01Z, 688915
2026-03-05T15:20:01Z, 676811
2026-03-05T15:25:01Z, 680056
2026-03-05T15:30:01Z, 678936
2026-03-05T15:35:01Z, 689048
2026-03-05T15:40:01Z, 666504
2026-03-05T15:45:01Z, 685776
2026-03-05T15:50:01Z, 689247
2026-03-05T15:55:01Z, 689283
2026-03-05T16:00:01Z, 672736
2026-03-05T16:05:01Z, 689404
2026-03-05T16:10:01Z, 689413
2026-03-05T16:15:01Z, 689464
2026-03-05T16:20:01Z, 658373
2026-03-05T16:25:01Z, 674076
2026-03-05T16:30:01Z, 650303
2026-03-05T16:35:01Z, 689654
2026-03-05T16:40:01Z, 684073
2026-03-05T16:45:01Z, 688666
2026-03-05T16:50:01Z, 685719
2026-03-05T16:55:01Z, 654103
2026-03-05T17:00:01Z, 522302
2026-03-05T17:05:01Z, 689840
2026-03-05T17:10:01Z, 688219
2026-03-05T17:15:01Z, 685089
2026-03-05T17:20:01Z, 689533
2026-03-05T17:25:01Z, 653471
2026-03-05T17:30:01Z, 688698
2026-03-05T17:35:01Z, 690237
2026-03-05T17:40:01Z, 686444
2026-03-05T17:45:01Z, 673541
2026-03-05T17:50:01Z, 685140
2026-03-05T17:55:01Z, 690124
2026-03-05T18:00:01Z, 687848
2026-03-05T18:05:01Z, 690426
2026-03-05T18:10:01Z, 674963
2026-03-05T18:15:01Z, 690586
2026-03-05T18:20:01Z, 688430
2026-03-05T18:25:02Z, 690661
2026-03-05T18:30:01Z, 688265
2026-03-05T18:35:01Z, 686750
2026-03-05T18:40:01Z, 690760
2026-03-05T18:45:01Z, 685514
2026-03-05T18:50:01Z, 690235
2026-03-05T18:55:01Z, 669033
2026-03-05T19:00:01Z, 673317
2026-03-05T19:05:02Z, 688588
2026-03-05T19:10:01Z, 684430
2026-03-05T19:15:01Z, 691066
2026-03-05T19:20:01Z, 682350
2026-03-05T19:25:01Z, 687692
2026-03-05T19:30:01Z, 685659
2026-03-05T19:35:01Z, 684673
2026-03-05T19:40:01Z, 691255
2026-03-05T19:45:01Z, 691283
2026-03-05T19:50:01Z, 691436
2026-03-05T19:55:01Z, 691440
2026-03-05T20:00:01Z, 691345
2026-03-05T20:05:01Z, 682278
2026-03-05T20:10:01Z, 691572
2026-03-05T20:15:01Z, 689445
2026-03-05T20:20:01Z, 689868
2026-03-05T20:25:01Z, 690250
2026-03-05T20:30:01Z, 669515
2026-03-05T20:35:01Z, 689545
2026-03-05T20:40:01Z, 690190
2026-03-05T20:45:01Z, 690803
2026-03-05T20:50:01Z, 688934
2026-03-05T20:55:01Z, 692062
2026-03-05T21:00:01Z, 692092
2026-03-05T21:05:01Z, 692135
2026-03-05T21:10:01Z, 690747
2026-03-05T21:15:01Z, 692219
2026-03-05T21:20:01Z, 692244
2026-03-05T21:25:01Z, 692237
2026-03-05T21:30:01Z, 692278
2026-03-05T21:35:01Z, 692320
2026-03-05T21:40:01Z, 692364
2026-03-05T21:45:01Z, 692083
2026-03-05T21:50:01Z, 691973
2026-03-05T21:55:01Z, 692497
2026-03-05T22:00:01Z, 690524
2026-03-05T22:05:01Z, 688607
2026-03-05T22:10:01Z, 682415
2026-03-05T22:15:01Z, 691902
2026-03-05T22:20:01Z, 692715
2026-03-05T22:25:01Z, 691847
2026-03-05T22:30:01Z, 692812
2026-03-05T22:35:01Z, 692854
2026-03-05T22:40:01Z, 688005
2026-03-05T22:45:01Z, 690254
2026-03-05T22:50:01Z, 693017
2026-03-05T22:55:01Z, 693042
2026-03-05T23:00:01Z, 692338
2026-03-05T23:05:01Z, 693124
2026-03-05T23:10:01Z, 670990
2026-03-05T23:15:01Z, 692723
2026-03-05T23:20:01Z, 693274
2026-03-05T23:25:01Z, 693337
2026-03-05T23:30:01Z, 693379
2026-03-05T23:35:01Z, 693294
2026-03-05T23:40:01Z, 693430
2026-03-05T23:45:01Z, 693466
2026-03-05T23:50:01Z, 687816
2026-03-05T23:55:01Z, 692133
2026-03-06T00:00:01Z, 693576
2026-03-06T00:05:01Z, 693620
2026-03-06T00:10:01Z, 691799
2026-03-06T00:15:01Z, 692060
2026-03-06T00:20:01Z, 693700
2026-03-06T00:25:01Z, 693206
2026-03-06T00:30:01Z, 693496
2026-03-06T00:35:01Z, 691253
2026-03-06T00:40:01Z, 693903
2026-03-06T00:45:01Z, 693850
2026-03-06T00:50:01Z, 694005
2026-03-06T00:55:01Z, 690054
2026-03-06T01:00:01Z, 694062
2026-03-06T01:05:01Z, 694101
2026-03-06T01:10:01Z, 689868
2026-03-06T01:15:01Z, 691239
2026-03-06T01:20:01Z, 688229
2026-03-06T01:25:01Z, 692894
2026-03-06T01:30:01Z, 691960
2026-03-06T01:35:01Z, 655542
2026-03-06T01:40:01Z, 685313
2026-03-06T01:45:01Z, 678652
2026-03-06T01:50:01Z, 694515
2026-03-06T01:55:01Z, 694569
2026-03-06T02:00:01Z, 694599
2026-03-06T02:05:01Z, 694623
2026-03-06T02:10:01Z, 691648
2026-03-06T02:15:01Z, 694707
2026-03-06T02:20:01Z, 691837
2026-03-06T02:25:01Z, 694201
2026-03-06T02:30:01Z, 668431
2026-03-06T02:35:01Z, 694328
2026-03-06T02:40:01Z, 694872
2026-03-06T02:45:01Z, 694383
2026-03-06T02:50:01Z, 686466
2026-03-06T02:55:01Z, 694622
2026-03-06T03:00:01Z, 693706
2026-03-06T03:05:01Z, 692477
2026-03-06T03:10:01Z, 695135
2026-03-06T03:15:01Z, 694936
2026-03-06T03:20:01Z, 695154
2026-03-06T03:25:01Z, 671671
2026-03-06T03:30:01Z, 678097
2026-03-06T03:35:01Z, 665825
2026-03-06T03:40:01Z, 695274
2026-03-06T03:45:01Z, null
2026-03-06T03:50:01Z, 686604
2026-03-06T03:55:01Z, 695313
2026-03-06T04:00:01Z, 692448
2026-03-06T04:05:01Z, 695461
2026-03-06T04:10:01Z, 694075
2026-03-06T04:15:01Z, 690298
2026-03-06T04:20:01Z, 695603
2026-03-06T04:25:01Z, 695669
2026-03-06T04:30:01Z, 678467
2026-03-06T04:35:01Z, 695789
2026-03-06T04:40:01Z, 695817
2026-03-06T04:45:01Z, 695835
2026-03-06T04:50:01Z, 695852
2026-03-06T04:55:01Z, 690421
2026-03-06T05:00:01Z, 688688
2026-03-06T05:05:01Z, 694118
2026-03-06T05:10:01Z, 662825
2026-03-06T05:15:01Z, 696040
2026-03-06T05:20:01Z, 692159
2026-03-06T05:25:01Z, 696116
2026-03-06T05:30:01Z, 696142
2026-03-06T05:35:01Z, 689527
2026-03-06T05:40:01Z, 692365
2026-03-06T05:45:01Z, 696271
2026-03-06T05:50:01Z, 684235
2026-03-06T05:55:01Z, 696274
2026-03-06T06:00:02Z, 695718
2026-03-06T06:05:01Z, 689717
2026-03-06T06:10:01Z, 696361
2026-03-06T06:15:02Z, 691413
2026-03-06T06:20:01Z, 696477
2026-03-06T06:25:01Z, 696522
2026-03-06T06:30:01Z, 687520
2026-03-06T06:35:01Z, 696593
2026-03-06T06:40:01Z, 692693
2026-03-06T06:45:01Z, 684199
2026-03-06T06:50:01Z, 696623
2026-03-06T06:55:01Z, 682130
2026-03-06T07:00:01Z, 696707
2026-03-06T07:05:01Z, 696739
2026-03-06T07:10:01Z, 696104
2026-03-06T07:15:01Z, 688547
2026-03-06T07:20:01Z, 687474
2026-03-06T07:25:01Z, 684515
2026-03-06T07:30:01Z, 695614
2026-03-06T07:35:01Z, 696932
2026-03-06T07:40:01Z, 696960
2026-03-06T07:45:01Z, 696328
2026-03-06T07:50:01Z, 697167
2026-03-06T07:55:01Z, 697166
2026-03-06T08:00:01Z, 691993
2026-03-06T08:05:01Z, 689934
2026-03-06T08:10:01Z, 696007
2026-03-06T08:15:01Z, 697332
2026-03-06T08:20:01Z, 697396
2026-03-06T08:25:01Z, 631893
2026-03-06T08:30:01Z, 688795
2026-03-06T08:35:01Z, 697568
2026-03-06T08:40:01Z, 697601
2026-03-06T08:45:01Z, 697647
2026-03-06T08:50:02Z, 697680
2026-03-06T08:55:01Z, 697734
2026-03-06T09:00:01Z, 688327
2026-03-06T09:05:01Z, 691430
2026-03-06T09:10:01Z, 695750
2026-03-06T09:15:01Z, 697099
2026-03-06T09:20:01Z, 697858
2026-03-06T09:25:01Z, 697871
2026-03-06T09:30:01Z, 696293
2026-03-06T09:35:01Z, 691175
2026-03-06T09:40:01Z, 697941
2026-03-06T09:45:01Z, 693887
2026-03-06T09:50:01Z, 698003
2026-03-06T09:55:01Z, 688881
2026-03-06T10:00:01Z, 695863
2026-03-06T10:05:01Z, 696102
2026-03-06T10:10:01Z, 696317
2026-03-06T10:15:01Z, 697215
2026-03-06T10:20:01Z, 695427
2026-03-06T10:25:01Z, 689797
2026-03-06T10:30:01Z, 698360
2026-03-06T10:35:01Z, 698319
2026-03-06T10:40:01Z, 693627
2026-03-06T10:45:01Z, 691694
2026-03-06T10:50:01Z, 696349
2026-03-06T10:55:01Z, 698474
2026-03-06T11:00:01Z, 698527
2026-03-06T11:05:01Z, 694951
2026-03-06T11:10:01Z, 680301
2026-03-06T11:15:01Z, 694893
2026-03-06T11:20:01Z, 675137
2026-03-06T11:25:01Z, 698728
2026-03-06T11:30:01Z, 698721
2026-03-06T11:35:01Z, 698742
2026-03-06T11:40:01Z, 686536
2026-03-06T11:45:01Z, 691311
2026-03-06T11:50:01Z, 698840
2026-03-06T11:55:01Z, 652515
2026-03-06T12:00:01Z, 686815
2026-03-06T12:05:01Z, 698934
2026-03-06T12:10:01Z, 698908
2026-03-06T12:15:01Z, 692449
2026-03-06T12:20:01Z, 670779
2026-03-06T12:25:01Z, 698961
2026-03-06T12:30:01Z, 683447
2026-03-06T12:35:01Z, 687973
2026-03-06T12:40:01Z, 699068
2026-03-06T12:45:01Z, 699092
2026-03-06T12:50:01Z, 697714
2026-03-06T12:55:01Z, 689534
2026-03-06T13:00:01Z, 698738
2026-03-06T13:05:01Z, 699215
2026-03-06T13:10:01Z, 685913
2026-03-06T13:15:01Z, 699305
2026-03-06T13:20:01Z, 698360
2026-03-06T13:25:01Z, 647665
2026-03-06T13:30:01Z, 636834
2026-03-06T13:35:01Z, 656026
2026-03-06T13:40:01Z, 699491
2026-03-06T13:45:01Z, 698858
2026-03-06T13:50:01Z, 697877
2026-03-06T13:55:01Z, 699502
2026-03-06T14:00:01Z, 691605
2026-03-06T14:05:01Z, 699587
2026-03-06T14:10:01Z, 689698
2026-03-06T14:15:01Z, 689322
2026-03-06T14:20:01Z, 698504
2026-03-06T14:25:01Z, 698481
2026-03-06T14:30:01Z, 692740
2026-03-06T14:35:01Z, 699886
2026-03-06T14:40:01Z, 699931
2026-03-06T14:45:01Z, 688355
2026-03-06T14:50:01Z, 675729
2026-03-06T14:55:01Z, 696343
2026-03-06T15:00:01Z, 691063
2026-03-06T15:05:01Z, 700151
2026-03-06T15:10:01Z, 693418
2026-03-06T15:15:01Z, 684309
2026-03-06T15:20:01Z, 695821
2026-03-06T15:25:01Z, 700275
2026-03-06T15:30:01Z, 700231
2026-03-06T15:35:01Z, 700375
2026-03-06T15:40:01Z, 700380
2026-03-06T15:45:01Z, 700506
2026-03-06T15:50:01Z, 700315
2026-03-06T15:55:01Z, 700645
2026-03-06T16:00:01Z, 700696
2026-03-06T16:05:01Z, 700745
2026-03-06T16:10:02Z, 700051
2026-03-06T16:15:01Z, 699735
2026-03-06T16:20:01Z, 700962
2026-03-06T16:25:01Z, 697097
2026-03-06T16:30:01Z, 701073
2026-03-06T16:35:01Z, 701096
2026-03-06T16:40:01Z, 701118
2026-03-06T16:45:01Z, 700887
2026-03-06T16:50:01Z, 700917
2026-03-06T16:55:01Z, 701236
2026-03-06T17:00:01Z, 643147
2026-03-06T17:05:01Z, 699874
2026-03-06T17:10:01Z, 682551
2026-03-06T17:15:01Z, 691825
2026-03-06T17:20:01Z, 701906
2026-03-06T17:25:01Z, 701674
2026-03-06T17:30:01Z, 700486
2026-03-06T17:35:01Z, 700808
2026-03-06T17:40:01Z, 684049
2026-03-06T17:45:01Z, 702281
2026-03-06T17:50:01Z, 675203
2026-03-06T17:55:01Z, 702617
2026-03-06T18:00:01Z, 701622
2026-03-06T18:05:01Z, 702679
2026-03-06T18:10:01Z, 702717
2026-03-06T18:15:01Z, 700979
2026-03-06T18:20:01Z, 697935
2026-03-06T18:25:01Z, 702872
2026-03-06T18:30:01Z, 697195
2026-03-06T18:35:01Z, 702717
2026-03-06T18:40:01Z, 702753
2026-03-06T18:45:01Z, 687043
2026-03-06T18:50:01Z, 700586
2026-03-06T18:55:01Z, 698049
2026-03-06T19:00:01Z, 702903
2026-03-06T19:05:01Z, 702936
2026-03-06T19:10:01Z, 682130
2026-03-06T19:15:01Z, 703033
2026-03-06T19:20:01Z, 696649
2026-03-06T19:25:01Z, 703038
2026-03-06T19:30:01Z, 703094
2026-03-06T19:35:01Z, 688791
2026-03-06T19:40:01Z, 702463
2026-03-06T19:45:01Z, 700603
2026-03-06T19:50:01Z, 703095
2026-03-06T19:55:01Z, 699329
2026-03-06T20:00:01Z, 703151
2026-03-06T20:05:01Z, 702974
2026-03-06T20:10:01Z, 700343
2026-03-06T20:15:01Z, 703059
2026-03-06T20:20:01Z, 656709
2026-03-06T20:25:01Z, 703104
2026-03-06T20:30:01Z, 680144
2026-03-06T20:35:01Z, 703202
2026-03-06T20:40:01Z, 703222
2026-03-06T20:45:01Z, 700233
2026-03-06T20:50:01Z, 703300
2026-03-06T20:55:01Z, 703223
2026-03-06T21:00:01Z, 699603
2026-03-06T21:05:01Z, 699938
2026-03-06T21:10:01Z, 701028
2026-03-06T21:15:01Z, 701779
2026-03-06T21:20:01Z, 703623
2026-03-06T21:25:01Z, 703651
2026-03-06T21:30:01Z, 703685
2026-03-06T21:35:01Z, 703712
2026-03-06T21:40:01Z, 704072
2026-03-06T21:45:01Z, 702429
2026-03-06T21:50:01Z, 653451
2026-03-06T21:55:01Z, 702062
2026-03-06T22:00:01Z, 702345
2026-03-06T22:05:01Z, 704327
2026-03-06T22:10:01Z, 704388
2026-03-06T22:15:01Z, 702023
2026-03-06T22:20:01Z, 704452
2026-03-06T22:25:01Z, 697599
2026-03-06T22:30:01Z, 692608
2026-03-06T22:35:01Z, 704654
2026-03-06T22:40:01Z, 703104
2026-03-06T22:45:01Z, 702404
2026-03-06T22:50:01Z, 699290
2026-03-06T22:55:01Z, 703765
2026-03-06T23:00:01Z, 698533
2026-03-06T23:05:01Z, 704828
2026-03-06T23:10:01Z, 704153
2026-03-06T23:15:01Z, 704902
2026-03-06T23:20:01Z, 703627
2026-03-06T23:25:01Z, 704954
2026-03-06T23:30:01Z, 697387
2026-03-06T23:35:01Z, 704993
2026-03-06T23:40:01Z, 703833
2026-03-06T23:45:01Z, 705054
2026-03-06T23:50:01Z, 704053
2026-03-06T23:55:02Z, 705102
2026-03-07T00:00:01Z, 703459
2026-03-07T00:05:01Z, 705081
2026-03-07T00:10:01Z, 703662
2026-03-07T00:15:01Z, 705063
2026-03-07T00:20:01Z, 705159
2026-03-07T00:25:01Z, 705257
2026-03-07T00:30:01Z, 690111
2026-03-07T00:35:01Z, 705977
2026-03-07T00:40:01Z, 706077
2026-03-07T00:45:01Z, 702890
2026-03-07T00:50:01Z, 705578
2026-03-07T00:55:01Z, 705596
2026-03-07T01:00:01Z, 704296
2026-03-07T01:05:01Z, 705680
2026-03-07T01:10:01Z, 705732
2026-03-07T01:15:01Z, 705768
2026-03-07T01:20:01Z, 705793
2026-03-07T01:25:01Z, 705815
2026-03-07T01:30:01Z, 705881
2026-03-07T01:35:01Z, 687093
2026-03-07T01:40:01Z, 705934
2026-03-07T01:45:01Z, 703105
2026-03-07T01:50:01Z, 705977
2026-03-07T01:55:01Z, 703258
2026-03-07T02:00:01Z, 703874
2026-03-07T02:05:01Z, 706026
2026-03-07T02:10:01Z, 702325
2026-03-07T02:15:01Z, 705124
2026-03-07T02:20:01Z, 706264
2026-03-07T02:25:01Z, 706312
2026-03-07T02:30:01Z, 706326
2026-03-07T02:35:01Z, 677177
2026-03-07T02:40:01Z, 706400
2026-03-07T02:45:01Z, 695982
2026-03-07T02:50:01Z, 706452
2026-03-07T02:55:01Z, 704072
2026-03-07T03:00:01Z, 704490
2026-03-07T03:05:01Z, 702885
2026-03-07T03:10:01Z, 706519
2026-03-07T03:15:01Z, 706552
2026-03-07T03:20:01Z, 703759
2026-03-07T03:25:01Z, 706559
2026-03-07T03:30:01Z, 706593
2026-03-07T03:35:01Z, 706610
2026-03-07T03:40:01Z, 683871
2026-03-07T03:45:01Z, 703674
2026-03-07T03:50:01Z, 706737
2026-03-07T03:55:01Z, 701858
2026-03-07T04:00:01Z, 706795
2026-03-07T04:05:01Z, 681050
2026-03-07T04:10:01Z, 706874
2026-03-07T04:15:01Z, 706895
2026-03-07T04:20:01Z, 706842
2026-03-07T04:25:01Z, 703771
2026-03-07T04:30:01Z, 706888
2026-03-07T04:35:01Z, 704603
2026-03-07T04:40:01Z, 706826
2026-03-07T04:45:01Z, 687446
2026-03-07T04:50:01Z, 705960
2026-03-07T04:55:01Z, 706803
2026-03-07T05:00:01Z, 704028
2026-03-07T05:05:01Z, 707186
2026-03-07T05:10:01Z, 682042
2026-03-07T05:15:01Z, 700484
2026-03-07T05:20:01Z, 707258
2026-03-07T05:25:01Z, 707287
2026-03-07T05:30:01Z, 707308
2026-03-07T05:35:01Z, 704689
2026-03-07T05:40:01Z, 707388
2026-03-07T05:45:01Z, 707464
2026-03-07T05:50:01Z, 703418
2026-03-07T05:55:01Z, 707223
2026-03-07T06:00:01Z, 707535
2026-03-07T06:05:01Z, 706303
2026-03-07T06:10:01Z, 692279
2026-03-07T06:15:01Z, 701919
2026-03-07T06:20:01Z, 707670
2026-03-07T06:25:01Z, 705995
2026-03-07T06:30:01Z, 707715
2026-03-07T06:35:01Z, 707747
2026-03-07T06:40:01Z, 701850
2026-03-07T06:45:01Z, 707735
2026-03-07T06:50:01Z, 707756
2026-03-07T06:55:01Z, 707729
2026-03-07T07:00:01Z, 707815
2026-03-07T07:05:01Z, 701550
2026-03-07T07:10:01Z, 701610
2026-03-07T07:15:01Z, 707873
2026-03-07T07:20:01Z, 707859
2026-03-07T07:25:01Z, 707904
2026-03-07T07:30:01Z, 702634
2026-03-07T07:35:01Z, 707975
2026-03-07T07:40:01Z, 705906
2026-03-07T07:45:01Z, 708038
2026-03-07T07:50:01Z, 706711
2026-03-07T07:55:01Z, 708082
2026-03-07T08:00:01Z, 708106
2026-03-07T08:05:01Z, 700444
2026-03-07T08:10:01Z, 703155
2026-03-07T08:15:01Z, 708226
2026-03-07T08:20:01Z, 697782
2026-03-07T08:25:01Z, 708368
2026-03-07T08:30:01Z, 708375
2026-03-07T08:35:01Z, 708378
2026-03-07T08:40:01Z, 707613
2026-03-07T08:45:01Z, 708599
2026-03-07T08:50:01Z, 695968
2026-03-07T08:55:01Z, 708284
2026-03-07T09:00:01Z, 708564
2026-03-07T09:05:01Z, 684479
2026-03-07T09:10:01Z, 707585
2026-03-07T09:15:01Z, 708908
2026-03-07T09:20:01Z, 706500
2026-03-07T09:25:01Z, 706613
2026-03-07T09:30:01Z, 709012
2026-03-07T09:35:01Z, 709033
2026-03-07T09:40:01Z, 709115
2026-03-07T09:45:01Z, 708745
2026-03-07T09:50:01Z, 704569
2026-03-07T09:55:01Z, 707812
2026-03-07T10:00:01Z, 709270
2026-03-07T10:05:01Z, 695196
2026-03-07T10:10:01Z, 706707
2026-03-07T10:15:01Z, 706067
2026-03-07T10:20:01Z, 710576
2026-03-07T10:25:01Z, 710601
2026-03-07T10:30:01Z, 699068
2026-03-07T10:35:01Z, 708188
2026-03-07T10:40:01Z, 710639
2026-03-07T10:45:01Z, 705604
2026-03-07T10:50:01Z, 709859
2026-03-07T10:55:01Z, 710751
2026-03-07T11:00:01Z, 710782
2026-03-07T11:05:01Z, 701374
2026-03-07T11:10:01Z, 710841
2026-03-07T11:15:01Z, 709456
2026-03-07T11:20:01Z, 710534
2026-03-07T11:25:01Z, 707413
2026-03-07T11:30:01Z, 708896
2026-03-07T11:35:01Z, 709569
2026-03-07T11:40:01Z, 711000
2026-03-07T11:45:01Z, 695575
2026-03-07T11:50:01Z, 711088
2026-03-07T11:55:01Z, 708557
2026-03-07T12:00:01Z, 709824
2026-03-07T12:05:01Z, 711178
2026-03-07T12:10:01Z, 709416
2026-03-07T12:15:01Z, 709838
2026-03-07T12:20:01Z, 711084
2026-03-07T12:25:01Z, 710702
2026-03-07T12:30:02Z, 711133
2026-03-07T12:35:01Z, 711166
2026-03-07T12:40:01Z, 711220
2026-03-07T12:45:01Z, 711240
2026-03-07T12:50:01Z, 695656
2026-03-07T12:55:01Z, 711305
2026-03-07T13:00:01Z, 708020
2026-03-07T13:05:02Z, 711228
2026-03-07T13:10:01Z, 711386
2026-03-07T13:15:01Z, 700424
2026-03-07T13:20:01Z, 706470
2026-03-07T13:25:01Z, 711547
2026-03-07T13:30:01Z, 711588
2026-03-07T13:35:01Z, 707566
2026-03-07T13:40:01Z, 705685
2026-03-07T13:45:01Z, 711732
2026-03-07T13:50:01Z, 695231
2026-03-07T13:55:01Z, 710402
2026-03-07T14:00:01Z, 711032
2026-03-07T14:05:01Z, 709086
2026-03-07T14:10:01Z, 711881
2026-03-07T14:15:01Z, 711907
2026-03-07T14:20:01Z, 711937
2026-03-07T14:25:01Z, 708378
2026-03-07T14:30:01Z, 711994
2026-03-07T14:35:01Z, 710635
2026-03-07T14:40:01Z, 712010
2026-03-07T14:45:01Z, 712018
2026-03-07T14:50:01Z, 712040
2026-03-07T14:55:01Z, 712069
2026-03-07T15:00:01Z, 712109
2026-03-07T15:05:01Z, 712133
2026-03-07T15:10:01Z, 704736
2026-03-07T15:15:01Z, 712587
2026-03-07T15:20:01Z, 712637
2026-03-07T15:25:01Z, 712713
2026-03-07T15:30:01Z, 712759
2026-03-07T15:35:01Z, 712807
2026-03-07T15:40:01Z, 712877
2026-03-07T15:45:01Z, 712890
2026-03-07T15:50:01Z, 712973
2026-03-07T15:55:01Z, 713027
2026-03-07T16:00:01Z, 709371
2026-03-07T16:05:02Z, 709937
2026-03-07T16:10:01Z, 713137
2026-03-07T16:15:01Z, 713160
2026-03-07T16:20:02Z, 712061
2026-03-07T16:25:01Z, 713237
2026-03-07T16:30:01Z, 708615
2026-03-07T16:35:01Z, 713295
2026-03-07T16:40:01Z, 713323
2026-03-07T16:45:01Z, 710517
2026-03-07T16:50:01Z, 713396
2026-03-07T16:55:01Z, 713451
2026-03-07T17:00:01Z, 713503
2026-03-07T17:05:01Z, 713538
2026-03-07T17:10:01Z, 710572
2026-03-07T17:15:01Z, 713624
2026-03-07T17:20:01Z, 709846
2026-03-07T17:25:01Z, 705963
2026-03-07T17:30:01Z, 713129
2026-03-07T17:35:01Z, 705886
2026-03-07T17:40:01Z, 713752
2026-03-07T17:45:01Z, 713848
2026-03-07T17:50:01Z, 713868
2026-03-07T17:55:01Z, 710318
2026-03-07T18:00:01Z, 713353
2026-03-07T18:05:01Z, 706932
2026-03-07T18:10:01Z, 714029
2026-03-07T18:15:01Z, 714086
2026-03-07T18:20:01Z, 710036
2026-03-07T18:25:01Z, 712726
2026-03-07T18:30:01Z, 714161
2026-03-07T18:35:01Z, 714182
2026-03-07T18:40:01Z, 714227
2026-03-07T18:45:01Z, 714253
2026-03-07T18:50:01Z, 706275
2026-03-07T18:55:01Z, 714321
2026-03-07T19:00:01Z, 714392
2026-03-07T19:05:01Z, 714466
2026-03-07T19:10:01Z, 714499
2026-03-07T19:15:01Z, 714537
2026-03-07T19:20:02Z, 714625
2026-03-07T19:25:01Z, 714686
2026-03-07T19:30:01Z, 714772
2026-03-07T19:35:01Z, 714606
2026-03-07T19:40:01Z, 710614
2026-03-07T19:45:01Z, 712788
2026-03-07T19:50:01Z, 714950
2026-03-07T19:55:01Z, 714997
2026-03-07T20:00:01Z, 715013
2026-03-07T20:05:01Z, 715118
2026-03-07T20:10:01Z, 707976
2026-03-07T20:15:01Z, 713379
2026-03-07T20:20:01Z, 715358
2026-03-07T20:25:01Z, 715396
2026-03-07T20:30:01Z, 715436
2026-03-07T20:35:01Z, 715471
2026-03-07T20:40:01Z, 714092
2026-03-07T20:45:01Z, 713352
2026-03-07T20:50:01Z, 715477
2026-03-07T20:55:01Z, 715603
2026-03-07T21:00:01Z, 715624
2026-03-07T21:05:01Z, 715697
2026-03-07T21:10:01Z, 714946
2026-03-07T21:15:01Z, 715740
2026-03-07T21:20:01Z, 715811
2026-03-07T21:25:01Z, 715876
2026-03-07T21:30:01Z, 705799
2026-03-07T21:35:01Z, 706411
2026-03-07T21:40:01Z, 711385
2026-03-07T21:45:01Z, 714050
2026-03-07T21:50:01Z, 715446
2026-03-07T21:55:01Z, 716120
2026-03-07T22:00:01Z, 711494
2026-03-07T22:05:01Z, 715492
2026-03-07T22:10:01Z, 716277
2026-03-07T22:15:01Z, 715830
2026-03-07T22:20:01Z, 716263
2026-03-07T22:25:01Z, 716733
2026-03-07T22:30:01Z, 716757
2026-03-07T22:35:01Z, 706815
2026-03-07T22:40:01Z, 711715
2026-03-07T22:45:01Z, 716746
2026-03-07T22:50:01Z, 716933
2026-03-07T22:55:01Z, 716975
2026-03-07T23:00:01Z, 714183
2026-03-07T23:05:01Z, 712265
2026-03-07T23:10:01Z, 716522
2026-03-07T23:15:01Z, 717161
2026-03-07T23:20:01Z, 709895
2026-03-07T23:25:01Z, 716987
2026-03-07T23:30:01Z, 705303
2026-03-07T23:35:01Z, 717315
2026-03-07T23:40:01Z, 717344
2026-03-07T23:45:01Z, 717349
2026-03-07T23:50:01Z, 717347
2026-03-07T23:55:01Z, 717385
2026-03-08T00:00:01Z, 714818
2026-03-08T00:05:01Z, 717451
2026-03-08T00:10:01Z, 716645
2026-03-08T00:15:01Z, 717497
2026-03-08T00:20:01Z, 717530
2026-03-08T00:25:01Z, 717566
2026-03-08T00:30:01Z, 716784
2026-03-08T00:35:01Z, 715198
2026-03-08T00:40:01Z, 717721
2026-03-08T00:45:01Z, 717740
2026-03-08T00:50:01Z, 717751
2026-03-08T00:55:01Z, 717812
2026-03-08T01:00:01Z, 715560
2026-03-08T01:05:01Z, 715547
2026-03-08T01:10:01Z, 717921
2026-03-08T01:15:01Z, 717934
2026-03-08T01:20:01Z, 718018
2026-03-08T01:25:01Z, 714021
2026-03-08T01:30:01Z, 718060
2026-03-08T01:35:01Z, 718085
2026-03-08T01:40:01Z, 718114
2026-03-08T01:45:01Z, 709153
2026-03-08T01:50:01Z, 718154
2026-03-08T01:55:01Z, 718199
2026-03-08T02:00:01Z, 718216
2026-03-08T02:05:01Z, 718267
2026-03-08T02:10:01Z, 718298
2026-03-08T02:15:01Z, 718329
2026-03-08T02:20:01Z, 718353
2026-03-08T02:25:01Z, 718361
2026-03-08T02:30:01Z, 713279
2026-03-08T02:35:01Z, 717714
2026-03-08T02:40:01Z, 718463
2026-03-08T02:45:01Z, 718483
2026-03-08T02:50:01Z, 718511
2026-03-08T02:55:01Z, 718596
2026-03-08T03:00:01Z, 718610
2026-03-08T03:05:01Z, 718629
2026-03-08T03:10:01Z, 718803
2026-03-08T03:15:01Z, 709235
2026-03-08T03:20:01Z, 715057
2026-03-08T03:25:01Z, 719020
2026-03-08T03:30:01Z, 719021
2026-03-08T03:35:01Z, 719057
2026-03-08T03:40:01Z, 719066
2026-03-08T03:45:01Z, 719098
2026-03-08T03:50:01Z, 719124
2026-03-08T03:55:01Z, 718911
2026-03-08T04:00:01Z, 719166
2026-03-08T04:05:01Z, 719208
2026-03-08T04:10:01Z, 719234
2026-03-08T04:15:01Z, 719254
2026-03-08T04:20:01Z, 711424
2026-03-08T04:25:01Z, 719301
2026-03-08T04:30:01Z, 717197
2026-03-08T04:35:01Z, 719352
2026-03-08T04:40:01Z, 719374
2026-03-08T04:45:01Z, 719384
2026-03-08T04:50:01Z, 719398
2026-03-08T04:55:01Z, 704717
2026-03-08T05:00:01Z, 719461
2026-03-08T05:05:01Z, 719516
2026-03-08T05:10:01Z, 719477
2026-03-08T05:15:01Z, 715960
2026-03-08T05:20:01Z, 719595
2026-03-08T05:25:01Z, 584222
2026-03-08T05:30:01Z, 719651
2026-03-08T05:35:01Z, 453158
2026-03-08T05:40:01Z, 719664
2026-03-08T05:45:01Z, 719731
2026-03-08T05:50:01Z, 719755
2026-03-08T05:55:01Z, 719785
2026-03-08T06:00:01Z, 716625
2026-03-08T06:05:01Z, 719829
2026-03-08T06:10:01Z, 719860
2026-03-08T06:15:01Z, 714777
2026-03-08T06:20:01Z, 669674
2026-03-08T06:25:01Z, 716932
2026-03-08T06:30:01Z, 720030
2026-03-08T06:35:01Z, 720042
2026-03-08T06:40:01Z, 715834
2026-03-08T06:45:01Z, 720102
2026-03-08T06:50:01Z, 720122
2026-03-08T06:55:01Z, 719627
2026-03-08T07:00:01Z, 716673
2026-03-08T07:05:01Z, 275836
2026-03-08T07:10:01Z, 720058
2026-03-08T07:15:01Z, 716736
2026-03-08T07:20:01Z, 720118
2026-03-08T07:25:02Z, 707196
2026-03-08T07:30:01Z, 719632
2026-03-08T07:35:01Z, 720249
2026-03-08T07:40:01Z, 720267
2026-03-08T07:45:01Z, 720244
2026-03-08T07:50:01Z, 718956
2026-03-08T07:55:01Z, 716681
2026-03-08T08:00:01Z, 720364
2026-03-08T08:05:01Z, 719916
2026-03-08T08:10:01Z, 717866
2026-03-08T08:15:01Z, 717153
2026-03-08T08:20:01Z, 719466
2026-03-08T08:25:01Z, 720008
2026-03-08T08:30:01Z, 719091
2026-03-08T08:35:01Z, 720114
2026-03-08T08:40:01Z, 720158
2026-03-08T08:45:01Z, 720192
2026-03-08T08:50:01Z, 720206
2026-03-08T08:55:01Z, 720184
2026-03-08T09:00:01Z, 714140
2026-03-08T09:05:01Z, 720267
2026-03-08T09:10:01Z, 720269
2026-03-08T09:15:01Z, 720288
2026-03-08T09:20:01Z, 717687
2026-03-08T09:25:01Z, 720360
2026-03-08T09:30:01Z, 703659
2026-03-08T09:35:01Z, 720339
2026-03-08T09:40:01Z, 720344
2026-03-08T09:45:01Z, 711662
2026-03-08T09:50:01Z, 719897
2026-03-08T09:55:01Z, 720390
2026-03-08T10:00:01Z, 720440
2026-03-08T10:05:01Z, 720472
2026-03-08T10:10:01Z, 719807
2026-03-08T10:15:01Z, 711707
2026-03-08T10:20:01Z, 702545
2026-03-08T10:25:01Z, 718394
2026-03-08T10:30:01Z, 703950
2026-03-08T10:35:01Z, 720564
2026-03-08T10:40:01Z, 719077
2026-03-08T10:45:01Z, 720655
2026-03-08T10:50:01Z, 720671
2026-03-08T10:55:01Z, 720694
2026-03-08T11:00:01Z, 720697
2026-03-08T11:05:01Z, 720888
2026-03-08T11:10:01Z, 717519
2026-03-08T11:15:01Z, 720850
2026-03-08T11:20:01Z, 720942
2026-03-08T11:25:01Z, 720987
2026-03-08T11:30:01Z, 710687
2026-03-08T11:35:01Z, 721042
2026-03-08T11:40:01Z, 721047
2026-03-08T11:45:01Z, 718872
2026-03-08T11:50:01Z, 719700
2026-03-08T11:55:01Z, 720982
2026-03-08T12:00:01Z, 716548
2026-03-08T12:05:01Z, 718171
2026-03-08T12:10:01Z, 721303
2026-03-08T12:15:01Z, 721334
2026-03-08T12:20:01Z, 710167
2026-03-08T12:25:01Z, 717566
2026-03-08T12:30:01Z, 706072
2026-03-08T12:35:01Z, 721299
2026-03-08T12:40:01Z, 720173
2026-03-08T12:45:01Z, 721507
2026-03-08T12:50:01Z, 721529
2026-03-08T12:55:01Z, 717845
2026-03-08T13:00:01Z, 721578
2026-03-08T13:05:01Z, 721592
2026-03-08T13:10:01Z, 721636
2026-03-08T13:15:01Z, 718641
2026-03-08T13:20:01Z, 721742
2026-03-08T13:25:01Z, 721781
2026-03-08T13:30:01Z, 711231
2026-03-08T13:35:01Z, 721813
2026-03-08T13:40:01Z, 702136
2026-03-08T13:45:01Z, 721877
2026-03-08T13:50:01Z, 709622
2026-03-08T13:55:01Z, 721936
2026-03-08T14:00:01Z, 722005
2026-03-08T14:05:01Z, 717715
2026-03-08T14:10:01Z, 717844
2026-03-08T14:15:01Z, 719457
2026-03-08T14:20:01Z, 722169
2026-03-08T14:25:01Z, 722195
2026-03-08T14:30:01Z, 716760
2026-03-08T14:35:01Z, 715628
2026-03-08T14:40:01Z, 694413
2026-03-08T14:45:01Z, 700478
2026-03-08T14:50:01Z, 722402
2026-03-08T14:55:01Z, 722416
2026-03-08T15:00:01Z, 720427
2026-03-08T15:05:01Z, 722449
2026-03-08T15:10:01Z, 714150
2026-03-08T15:15:01Z, 722507
2026-03-08T15:20:01Z, 722581
2026-03-08T15:25:01Z, 721388
2026-03-08T15:30:01Z, 704690
2026-03-08T15:35:01Z, 717044
2026-03-08T15:40:01Z, 720095
2026-03-08T15:45:01Z, 722304
2026-03-08T15:50:01Z, 722745
2026-03-08T15:55:01Z, 707666
2026-03-08T16:00:01Z, 721632
2026-03-08T16:05:01Z, 722832
2026-03-08T16:10:01Z, 722855
2026-03-08T16:15:01Z, 722560
2026-03-08T16:20:01Z, 722923
2026-03-08T16:25:01Z, 723157
2026-03-08T16:30:01Z, 721757
2026-03-08T16:35:01Z, 714136
2026-03-08T16:40:01Z, 719264
2026-03-08T16:45:01Z, 723293
2026-03-08T16:50:01Z, 723328
2026-03-08T16:55:01Z, 723355
2026-03-08T17:00:01Z, 723443
2026-03-08T17:05:01Z, 723465
2026-03-08T17:10:01Z, 722007
2026-03-08T17:15:01Z, 720268
2026-03-08T17:20:01Z, 720988
2026-03-08T17:25:01Z, 723585
2026-03-08T17:30:01Z, 723548
2026-03-08T17:35:01Z, 720265
2026-03-08T17:40:01Z, 720616
2026-03-08T17:45:01Z, 722085
2026-03-08T17:50:01Z, 723836
2026-03-08T17:55:01Z, 723916
2026-03-08T18:00:01Z, 724529
2026-03-08T18:05:01Z, 724578
2026-03-08T18:10:01Z, 724657
2026-03-08T18:15:01Z, 724684
2026-03-08T18:20:01Z, 724697
2026-03-08T18:25:01Z, 722656
2026-03-08T18:30:01Z, 723378
2026-03-08T18:35:01Z, 724838
2026-03-08T18:40:01Z, 715601
2026-03-08T18:45:01Z, 724982
2026-03-08T18:50:01Z, 724296
2026-03-08T18:55:01Z, 724977
2026-03-08T19:00:01Z, 720068
2026-03-08T19:05:00Z, 725064
2026-03-08T19:10:01Z, 725258
2026-03-08T19:15:01Z, 725266
2026-03-08T19:20:01Z, 725333
2026-03-08T19:25:01Z, 724763
2026-03-08T19:30:01Z, 725441
2026-03-08T19:35:01Z, 725484
2026-03-08T19:40:01Z, 724739
2026-03-08T19:45:01Z, 725618
2026-03-08T19:50:01Z, 725667
2026-03-08T19:55:01Z, 725724
2026-03-08T20:00:01Z, 683178
2026-03-08T20:05:01Z, 725792
2026-03-08T20:10:01Z, 725827
2026-03-08T20:15:01Z, 725860
2026-03-08T20:20:02Z, 723435
2026-03-08T20:25:01Z, 724993
2026-03-08T20:30:01Z, 722955
2026-03-08T20:35:01Z, 726017
2026-03-08T20:40:01Z, 726064
2026-03-08T20:45:01Z, 726080
2026-03-08T20:50:01Z, 725719
2026-03-08T20:55:01Z, 726219
2026-03-08T21:00:01Z, 725871
2026-03-08T21:05:01Z, 726370
2026-03-08T21:10:01Z, 718857
2026-03-08T21:15:01Z, 724137
2026-03-08T21:20:01Z, 726491
2026-03-08T21:25:01Z, 726521
2026-03-08T21:30:01Z, 726495
2026-03-08T21:35:01Z, 714650
2026-03-08T21:40:01Z, 719474
2026-03-08T21:45:01Z, 726774
2026-03-08T21:50:01Z, 717541
2026-03-08T21:55:01Z, 726807
2026-03-08T22:00:01Z, 725753
2026-03-08T22:05:01Z, 726856
2026-03-08T22:10:01Z, 726713
2026-03-08T22:15:01Z, 727110
2026-03-08T22:20:01Z, 727273
2026-03-08T22:25:01Z, 726895
2026-03-08T22:30:01Z, 727364
2026-03-08T22:35:01Z, 727408
2026-03-08T22:40:01Z, 722087
2026-03-08T22:45:01Z, 724274
2026-03-08T22:50:01Z, 727592
2026-03-08T22:55:01Z, 727618
2026-03-08T23:00:01Z, 724244
2026-03-08T23:05:01Z, 706819
2026-03-08T23:10:01Z, 727797
2026-03-08T23:15:01Z, 722936
2026-03-08T23:20:01Z, 726505
2026-03-08T23:25:01Z, 725331
2026-03-08T23:30:01Z, 715805
2026-03-08T23:35:01Z, 728133
2026-03-08T23:40:01Z, 723384
2026-03-08T23:45:01Z, 725677
2026-03-08T23:50:01Z, 728198
2026-03-08T23:55:01Z, 728234
2026-03-09T00:00:01Z, 699824
2026-03-09T00:05:01Z, 727184
2026-03-09T00:10:01Z, 724729
2026-03-09T00:15:02Z, 727083
2026-03-09T00:20:01Z, 728217
2026-03-09T00:25:01Z, 728255
2026-03-09T00:30:01Z, 728323
2026-03-09T00:35:01Z, 726438
2026-03-09T00:40:01Z, 719152
2026-03-09T00:45:01Z, 727970
2026-03-09T00:50:01Z, 724761
2026-03-09T00:55:01Z, 728422
2026-03-09T01:00:01Z, 728441
2026-03-09T01:05:01Z, 728032
2026-03-09T01:10:01Z, 728430
2026-03-09T01:15:01Z, 726410
2026-03-09T01:20:01Z, 728520
2026-03-09T01:25:01Z, 724325
2026-03-09T01:30:01Z, 714358
2026-03-09T01:35:01Z, 726361
2026-03-09T01:40:01Z, 725597
2026-03-09T01:45:01Z, 721530
2026-03-09T01:50:01Z, 728797
2026-03-09T01:55:01Z, 728826
2026-03-09T02:00:01Z, 722232
2026-03-09T02:05:01Z, 728727
2026-03-09T02:10:01Z, 726150
2026-03-09T02:15:01Z, 728975
2026-03-09T02:20:01Z, 729055
2026-03-09T02:25:01Z, 726678
2026-03-09T02:30:01Z, null
2026-03-09T02:35:01Z, 725569
2026-03-09T02:40:01Z, 729324
2026-03-09T02:45:01Z, 725584
2026-03-09T02:50:01Z, 725789
2026-03-09T02:55:01Z, 715859
2026-03-09T03:00:01Z, 724781
2026-03-09T03:05:01Z, 718556
2026-03-09T03:10:01Z, 726663
2026-03-09T03:15:01Z, 729952
2026-03-09T03:20:01Z, 729983
2026-03-09T03:25:01Z, 729996
2026-03-09T03:30:01Z, 729208
2026-03-09T03:35:01Z, 728453
2026-03-09T03:40:01Z, 718540
2026-03-09T03:45:01Z, 730097
2026-03-09T03:50:01Z, 730145
2026-03-09T03:55:01Z, 730176
2026-03-09T04:00:01Z, 727674
2026-03-09T04:05:01Z, 724934
2026-03-09T04:10:01Z, 729637
2026-03-09T04:15:01Z, 730186
2026-03-09T04:20:01Z, 730212
2026-03-09T04:25:01Z, 695912
2026-03-09T04:30:01Z, 730435
2026-03-09T04:35:01Z, 730110
2026-03-09T04:40:01Z, 730590
2026-03-09T04:45:01Z, 730614
2026-03-09T04:50:01Z, 730004
2026-03-09T04:55:01Z, 730677
2026-03-09T05:00:01Z, 727348
2026-03-09T05:05:01Z, 716584
2026-03-09T05:10:01Z, 722854
2026-03-09T05:15:01Z, 730808
2026-03-09T05:20:01Z, 727672
2026-03-09T05:25:01Z, 730807
2026-03-09T05:30:01Z, 730794
2026-03-09T05:35:01Z, 706891
2026-03-09T05:40:01Z, 727229
2026-03-09T05:45:01Z, 728669
2026-03-09T05:50:01Z, 708428
2026-03-09T05:55:01Z, 731065
2026-03-09T06:00:01Z, 723597
2026-03-09T06:05:01Z, 728751
2026-03-09T06:10:01Z, 698305
2026-03-09T06:15:01Z, 687172
2026-03-09T06:20:01Z, 716646
2026-03-09T06:25:01Z, 726030
2026-03-09T06:30:01Z, 730507
2026-03-09T06:35:01Z, 672229
2026-03-09T06:40:01Z, 713130
2026-03-09T06:45:01Z, 653525
2026-03-09T06:50:01Z, 713256
2026-03-09T06:55:01Z, 725308
2026-03-09T07:00:01Z, 649396
2026-03-09T07:05:01Z, 724848
2026-03-09T07:10:01Z, 651570
2026-03-09T07:15:01Z, 727177
2026-03-09T07:20:01Z, 726139
2026-03-09T07:25:01Z, 702229
2026-03-09T07:30:01Z, 688389
2026-03-09T07:35:01Z, 704015
2026-03-09T07:40:01Z, 701042
2026-03-09T07:45:01Z, 673672
2026-03-09T07:50:01Z, 698336
2026-03-09T07:55:01Z, 644922
2026-03-09T08:00:01Z, 684435
2026-03-09T08:05:01Z, 656450
2026-03-09T08:10:01Z, 664791
2026-03-09T08:15:01Z, 724398
2026-03-09T08:20:01Z, 711078
2026-03-09T08:25:01Z, 660225
2026-03-09T08:30:01Z, 642274
2026-03-09T08:35:01Z, 697175
2026-03-09T08:40:01Z, 692451
2026-03-09T08:45:01Z, 660132
2026-03-09T08:50:01Z, 726540
2026-03-09T08:55:01Z, 726519
2026-03-09T09:00:01Z, 698404
2026-03-09T09:05:01Z, 703528
2026-03-09T09:10:01Z, 619661
2026-03-09T09:15:01Z, 728480
2026-03-09T09:20:01Z, 723787
2026-03-09T09:25:01Z, 710642
2026-03-09T09:30:01Z, 704057
2026-03-09T09:35:01Z, 689517
2026-03-09T09:40:01Z, 703888
2026-03-09T09:45:01Z, 692383
2026-03-09T09:50:01Z, 544960
2026-03-09T09:55:01Z, 660569
2026-03-09T10:00:01Z, 626768
2026-03-09T10:05:01Z, 732073
2026-03-09T10:10:01Z, 716713
2026-03-09T10:15:02Z, 717134
2026-03-09T10:20:01Z, 697521
2026-03-09T10:25:01Z, 712694
2026-03-09T10:30:01Z, 665100
2026-03-09T10:35:01Z, 518716
2026-03-09T10:40:01Z, 613287
2026-03-09T10:45:01Z, 713502
2026-03-09T10:50:01Z, 719860
2026-03-09T10:55:01Z, 687391
2026-03-09T11:00:01Z, 711407
2026-03-09T11:05:01Z, 709335
2026-03-09T11:10:01Z, 713568
2026-03-09T11:15:01Z, 733798
2026-03-09T11:20:01Z, 706330
2026-03-09T11:25:01Z, 724309
2026-03-09T11:30:01Z, 644176
2026-03-09T11:35:01Z, 695639
2026-03-09T11:40:01Z, 697416
2026-03-09T11:45:01Z, 675302
2026-03-09T11:50:01Z, 685390
2026-03-09T11:55:01Z, 684394
2026-03-09T12:00:01Z, 657092
2026-03-09T12:05:01Z, 718305
2026-03-09T12:10:01Z, 728213
2026-03-09T12:15:01Z, 706337
2026-03-09T12:20:01Z, 718266
2026-03-09T12:25:01Z, 726524
2026-03-09T12:30:01Z, 719237
2026-03-09T12:35:01Z, 730840
2026-03-09T12:40:01Z, 730062
2026-03-09T12:45:01Z, 719810
2026-03-09T12:50:01Z, 689162
2026-03-09T12:55:01Z, 706460
2026-03-09T13:00:01Z, 695525
2026-03-09T13:05:01Z, 711864
2026-03-09T13:10:01Z, 601378
2026-03-09T13:15:01Z, 734935
2026-03-09T13:20:01Z, 725978
2026-03-09T13:25:01Z, 709963
2026-03-09T13:30:01Z, 609717
2026-03-09T13:35:01Z, 699793
2026-03-09T13:40:01Z, 715839
2026-03-09T13:45:01Z, 710264
2026-03-09T13:50:01Z, 627369
2026-03-09T13:55:01Z, 708032
2026-03-09T14:00:01Z, 640183
2026-03-09T14:05:01Z, 574934
2026-03-09T14:10:01Z, 649893
2026-03-09T14:15:01Z, 597236
2026-03-09T14:20:01Z, 648909
2026-03-09T14:25:01Z, 705388
2026-03-09T14:30:01Z, 709632
2026-03-09T14:35:01Z, 657285
2026-03-09T14:40:01Z, 720675
2026-03-09T14:45:01Z, 671584
2026-03-09T14:50:01Z, 523387
2026-03-09T14:55:01Z, 646818
2026-03-09T15:00:01Z, 681011
2026-03-09T15:05:01Z, 628101
2026-03-09T15:10:01Z, 652592
2026-03-09T15:15:01Z, 618942
2026-03-09T15:20:01Z, 693636
2026-03-09T15:25:01Z, 604846
2026-03-09T15:30:01Z, 625792
2026-03-09T15:35:01Z, 672071
2026-03-09T15:40:01Z, 656723
2026-03-09T15:45:01Z, 681514
2026-03-09T15:50:01Z, 683632
2026-03-09T15:55:01Z, 596168
2026-03-09T16:00:01Z, 692678
2026-03-09T16:05:01Z, 725065
2026-03-09T16:10:01Z, 669491
2026-03-09T16:15:01Z, 705900
2026-03-09T16:20:01Z, 710754
2026-03-09T16:25:01Z, 701485
2026-03-09T16:30:01Z, 713034
2026-03-09T16:35:01Z, 676969
2026-03-09T16:40:01Z, 641309
2026-03-09T16:45:01Z, 715881
2026-03-09T16:50:02Z, 636395
2026-03-09T16:55:01Z, 681854
2026-03-09T17:00:01Z, 737654
2026-03-09T17:05:01Z, 652932
2026-03-09T17:10:01Z, 731539
2026-03-09T17:15:01Z, 682955
2026-03-09T17:20:01Z, 694622
2026-03-09T17:25:01Z, 728374
2026-03-09T17:30:01Z, 728134
2026-03-09T17:35:02Z, 724978
2026-03-09T17:40:01Z, 694404
2026-03-09T17:45:01Z, 672504
2026-03-09T17:50:01Z, 738597
2026-03-09T17:55:01Z, 594682
2026-03-09T18:00:01Z, 711901
2026-03-09T18:05:01Z, 735006
2026-03-09T18:10:01Z, 727044
2026-03-09T18:15:01Z, 730319
2026-03-09T18:20:01Z, 737133
2026-03-09T18:25:01Z, 723847
2026-03-09T18:30:01Z, 648395
2026-03-09T18:35:01Z, 710454
2026-03-09T18:40:01Z, 714435
2026-03-09T18:45:01Z, 735963
2026-03-09T18:50:01Z, 690943
2026-03-09T18:55:01Z, 695048
2026-03-09T19:00:01Z, 724246
2026-03-09T19:05:01Z, 704742
2026-03-09T19:10:01Z, 726321
2026-03-09T19:15:01Z, 690998
2026-03-09T19:20:01Z, 712762
2026-03-09T19:25:01Z, 739008
2026-03-09T19:30:01Z, 722080
2026-03-09T19:35:01Z, 715785
2026-03-09T19:40:01Z, 377407
2026-03-09T19:45:01Z, 734089
2026-03-09T19:50:01Z, 737692
2026-03-09T19:55:01Z, 734305
2026-03-09T20:00:01Z, 724829
2026-03-09T20:05:01Z, 720450
2026-03-09T20:10:01Z, 711732
2026-03-09T20:15:01Z, 694205
2026-03-09T20:20:01Z, 726094
2026-03-09T20:25:01Z, 732765
2026-03-09T20:30:01Z, 734816
2026-03-09T20:35:01Z, 673808
2026-03-09T20:40:01Z, 729129
2026-03-09T20:45:01Z, 705281
2026-03-09T20:50:01Z, 733877
2026-03-09T20:55:01Z, 730778
2026-03-09T21:00:01Z, 738612
2026-03-09T21:05:01Z, 737349
2026-03-09T21:10:01Z, 722120
2026-03-09T21:15:01Z, 657696
2026-03-09T21:20:01Z, 719234
2026-03-09T21:25:01Z, 730389
2026-03-09T21:30:01Z, 722936
2026-03-09T21:35:01Z, 737228
2026-03-09T21:40:01Z, 715569
2026-03-09T21:45:01Z, 730716
2026-03-09T21:50:01Z, 714042
2026-03-09T21:55:01Z, 700015
2026-03-09T22:00:01Z, 727085
2026-03-09T22:05:01Z, 732558
2026-03-09T22:10:01Z, 730088
2026-03-09T22:15:02Z, 731470
2026-03-09T22:20:01Z, 733078
2026-03-09T22:25:01Z, 730624
2026-03-09T22:30:01Z, 719387
2026-03-09T22:35:01Z, 722373
2026-03-09T22:40:01Z, 734435
2026-03-09T22:45:01Z, 725783
2026-03-09T22:50:01Z, 720957
2026-03-09T22:55:01Z, 737900
2026-03-09T23:00:01Z, 715234
2026-03-09T23:05:01Z, 738131
2026-03-09T23:10:01Z, 741013
2026-03-09T23:15:01Z, 718438
2026-03-09T23:20:01Z, 737369
2026-03-09T23:25:01Z, 733089
2026-03-09T23:30:01Z, 712631
2026-03-09T23:35:01Z, 729268
2026-03-09T23:40:01Z, 741514
2026-03-09T23:45:01Z, 741478
2026-03-09T23:50:01Z, 741616
2026-03-09T23:55:01Z, 727209
2026-03-10T00:00:01Z, 697339
2026-03-10T00:05:01Z, 741716
2026-03-10T00:10:01Z, 741790
2026-03-10T00:15:01Z, 740634
2026-03-10T00:20:01Z, 736936
2026-03-10T00:25:01Z, 741900
2026-03-10T00:30:01Z, 727731
2026-03-10T00:35:01Z, 741948
2026-03-10T00:40:01Z, 731233
2026-03-10T00:45:01Z, 742028
2026-03-10T00:50:01Z, 729522
2026-03-10T00:55:01Z, 733327
2026-03-10T01:00:01Z, 742100
2026-03-10T01:05:01Z, 738068
2026-03-10T01:10:01Z, 738570
2026-03-10T01:15:01Z, 741670
2026-03-10T01:20:01Z, 723899
2026-03-10T01:25:01Z, 716635
2026-03-10T01:30:01Z, 730495
2026-03-10T01:35:01Z, 699528
2026-03-10T01:40:01Z, 423412
2026-03-10T01:45:01Z, 725705
2026-03-10T01:50:01Z, 721962
2026-03-10T01:55:01Z, 737285
2026-03-10T02:00:01Z, 742550
2026-03-10T02:05:01Z, 728548
2026-03-10T02:10:01Z, 676918
2026-03-10T02:15:02Z, 735346
2026-03-10T02:20:01Z, 726122
2026-03-10T02:25:01Z, 742255
2026-03-10T02:30:01Z, 713938
2026-03-10T02:35:01Z, 739451
2026-03-10T02:40:01Z, 730625
2026-03-10T02:45:01Z, 742932
2026-03-10T02:50:01Z, 737551
2026-03-10T02:55:01Z, 741693
2026-03-10T03:00:01Z, 731513
2026-03-10T03:05:01Z, 713821
2026-03-10T03:10:01Z, 678463
2026-03-10T03:15:01Z, 683183
2026-03-10T03:20:01Z, 740621
2026-03-10T03:25:01Z, 743093
2026-03-10T03:30:01Z, 743121
2026-03-10T03:35:01Z, 743138
2026-03-10T03:40:01Z, 743150
2026-03-10T03:45:01Z, 723165
2026-03-10T03:50:01Z, 737743
2026-03-10T03:55:01Z, 733262
2026-03-10T04:00:01Z, 739017
2026-03-10T04:05:01Z, 718632
2026-03-10T04:10:01Z, 743356
2026-03-10T04:15:01Z, 741492
2026-03-10T04:20:01Z, 743473
2026-03-10T04:25:01Z, 722070
2026-03-10T04:30:01Z, 741633
2026-03-10T04:35:01Z, 741626
2026-03-10T04:40:01Z, 742580
2026-03-10T04:45:02Z, 733187
2026-03-10T04:50:01Z, 736052
2026-03-10T04:55:01Z, 743666
2026-03-10T05:00:01Z, 739086
2026-03-10T05:05:01Z, 713017
2026-03-10T05:10:01Z, 675442
2026-03-10T05:15:01Z, 720965
2026-03-10T05:20:01Z, 713626
2026-03-10T05:25:01Z, 714620
2026-03-10T05:30:01Z, 739297
2026-03-10T05:35:01Z, 664052
2026-03-10T05:40:01Z, 743959
2026-03-10T05:45:01Z, 720208
2026-03-10T05:50:01Z, 720294
2026-03-10T05:55:01Z, 743988
2026-03-10T06:00:01Z, 709669
2026-03-10T06:05:01Z, 722812
2026-03-10T06:10:01Z, 721109
2026-03-10T06:15:01Z, 701108
2026-03-10T06:20:01Z, 710302
2026-03-10T06:25:01Z, 726309
2026-03-10T06:30:01Z, 735459
2026-03-10T06:35:01Z, 725240
2026-03-10T06:40:01Z, 707241
2026-03-10T06:45:01Z, 686410
2026-03-10T06:50:01Z, 744239
2026-03-10T06:55:01Z, 715735
2026-03-10T07:00:01Z, 742334
2026-03-10T07:05:01Z, 723629
2026-03-10T07:10:01Z, 744318
2026-03-10T07:15:01Z, 710014
2026-03-10T07:20:01Z, 593024
2026-03-10T07:25:01Z, 739203
2026-03-10T07:30:01Z, 735010
2026-03-10T07:35:01Z, 714070
2026-03-10T07:40:01Z, 685035
2026-03-10T07:45:01Z, null
2026-03-10T07:50:01Z, 663734
2026-03-10T07:55:01Z, 703982
2026-03-10T08:00:01Z, 715213
2026-03-10T08:05:01Z, 635603
2026-03-10T08:10:01Z, 670928
2026-03-10T08:15:01Z, 733684
2026-03-10T08:20:01Z, 712802
2026-03-10T08:25:01Z, 730982
2026-03-10T08:30:01Z, 742596
2026-03-10T08:35:01Z, 726277
2026-03-10T08:40:01Z, 729230
2026-03-10T08:45:01Z, 660041
2026-03-10T08:50:01Z, 641846
2026-03-10T08:55:01Z, 735130
2026-03-10T09:00:01Z, 719919
2026-03-10T09:05:01Z, 734541
2026-03-10T09:10:01Z, 712635
2026-03-10T09:15:01Z, 639002
2026-03-10T09:20:01Z, 620627
2026-03-10T09:25:01Z, 729661
2026-03-10T09:30:01Z, 685787
2026-03-10T09:35:01Z, 712546
2026-03-10T09:40:01Z, 738996
2026-03-10T09:45:01Z, 712993
2026-03-10T09:50:01Z, 738092
2026-03-10T09:55:01Z, 739894
2026-03-10T10:00:01Z, 740433
2026-03-10T10:05:01Z, 618914
2026-03-10T10:10:02Z, 728405
2026-03-10T10:15:01Z, 743846
2026-03-10T10:20:01Z, 723214
2026-03-10T10:25:01Z, 717462
2026-03-10T10:30:01Z, 724469
2026-03-10T10:35:01Z, 737927
2026-03-10T10:40:01Z, 713005
2026-03-10T10:45:01Z, 745902
2026-03-10T10:50:01Z, 745177
2026-03-10T10:55:01Z, 708288
2026-03-10T11:00:01Z, 722446
2026-03-10T11:05:01Z, 613600
2026-03-10T11:10:01Z, 725338
2026-03-10T11:15:01Z, 710901
2026-03-10T11:20:01Z, 723577
2026-03-10T11:25:01Z, 665984
2026-03-10T11:30:01Z, 710194
2026-03-10T11:35:01Z, 742891
2026-03-10T11:40:01Z, 726314
2026-03-10T11:45:01Z, 720409
2026-03-10T11:50:01Z, 655480
2026-03-10T11:55:01Z, 631016
2026-03-10T12:00:01Z, 696785
2026-03-10T12:05:01Z, 729443
2026-03-10T12:10:01Z, 707638
2026-03-10T12:15:01Z, 723397
2026-03-10T12:20:01Z, 719024
2026-03-10T12:25:01Z, 714170
2026-03-10T12:30:01Z, 613140
2026-03-10T12:35:01Z, 651174
2026-03-10T12:40:01Z, 693834
2026-03-10T12:45:01Z, 689948
2026-03-10T12:50:01Z, 731150
2026-03-10T12:55:01Z, 719363
2026-03-10T13:00:01Z, 665966
2026-03-10T13:05:01Z, 700298
2026-03-10T13:10:01Z, 600583
2026-03-10T13:15:01Z, 671073
2026-03-10T13:20:01Z, 732176
2026-03-10T13:25:01Z, 586042
2026-03-10T13:30:01Z, 609579
2026-03-10T13:35:01Z, 654573
2026-03-10T13:40:01Z, 721204
2026-03-10T13:45:01Z, 721567
2026-03-10T13:50:01Z, 630988
2026-03-10T13:55:01Z, 677588
2026-03-10T14:00:01Z, 614470
2026-03-10T14:05:01Z, 716548
2026-03-10T14:10:01Z, 726772
2026-03-10T14:15:01Z, 723226
2026-03-10T14:20:01Z, 194349
2026-03-10T14:25:01Z, 726035
2026-03-10T14:30:01Z, 715567
2026-03-10T14:35:01Z, 682237
2026-03-10T14:40:01Z, 655095
2026-03-10T14:45:01Z, 706052
2026-03-10T14:50:01Z, 685021
2026-03-10T14:55:01Z, 730101
2026-03-10T15:00:01Z, 680303
2026-03-10T15:05:01Z, 693874
2026-03-10T15:10:01Z, 684432
2026-03-10T15:15:01Z, 735118
2026-03-10T15:20:01Z, 716553
2026-03-10T15:25:01Z, 619390
2026-03-10T15:30:01Z, 743092
2026-03-10T15:35:01Z, 727022
2026-03-10T15:40:01Z, 727920
2026-03-10T15:45:01Z, 708137
2026-03-10T15:50:01Z, 707836
2026-03-10T15:55:01Z, 649842
2026-03-10T16:00:01Z, 715790
2026-03-10T16:05:01Z, 734518
2026-03-10T16:10:01Z, 702779
2026-03-10T16:15:01Z, 686742
2026-03-10T16:20:02Z, 739351
2026-03-10T16:25:01Z, 686430
2026-03-10T16:30:01Z, 700088
2026-03-10T16:35:01Z, 722526
2026-03-10T16:40:01Z, 738525
2026-03-10T16:45:01Z, 709256
2026-03-10T16:50:01Z, 716895
2026-03-10T16:55:01Z, 745236
2026-03-10T17:00:01Z, 720666
2026-03-10T17:05:02Z, 727914
2026-03-10T17:10:01Z, 518505
2026-03-10T17:15:01Z, 678697
2026-03-10T17:20:01Z, 745873
2026-03-10T17:25:01Z, 701896
2026-03-10T17:30:01Z, 728778
2026-03-10T17:35:01Z, 722734
2026-03-10T17:40:01Z, 741821
2026-03-10T17:45:01Z, 749813
2026-03-10T17:50:01Z, 684573
2026-03-10T17:55:01Z, 701248
2026-03-10T18:00:01Z, 736805
2026-03-10T18:05:01Z, 705865
2026-03-10T18:10:01Z, 663065
2026-03-10T18:15:01Z, 736538
2026-03-10T18:20:01Z, 627995
2026-03-10T18:25:01Z, 713273
2026-03-10T18:30:01Z, 714012
2026-03-10T18:35:01Z, 746609
2026-03-10T18:40:01Z, 743568
2026-03-10T18:45:01Z, 732347
2026-03-10T18:50:01Z, 747734
2026-03-10T18:55:01Z, 739914
2026-03-10T19:00:01Z, 745060
2026-03-10T19:05:01Z, 716177
2026-03-10T19:10:02Z, 683935
2026-03-10T19:15:01Z, 747578
2026-03-10T19:20:01Z, 746826
2026-03-10T19:25:01Z, null
2026-03-10T19:30:01Z, 747719
2026-03-10T19:35:01Z, 739474
2026-03-10T19:40:01Z, 722787
2026-03-10T19:45:01Z, 749972
2026-03-10T19:50:01Z, 749210
2026-03-10T19:55:01Z, 707227
2026-03-10T20:00:01Z, 727730
2026-03-10T20:05:01Z, 726461
2026-03-10T20:10:01Z, 695442
2026-03-10T20:15:01Z, 724908
2026-03-10T20:20:01Z, 720185
2026-03-10T20:25:01Z, 747514
2026-03-10T20:30:01Z, 734063
2026-03-10T20:35:01Z, 746758
2026-03-10T20:40:01Z, 742540
2026-03-10T20:45:01Z, 751166
2026-03-10T20:50:01Z, 746300
2026-03-10T20:55:01Z, 732535
2026-03-10T21:00:01Z, 751561
2026-03-10T21:05:01Z, 733473
2026-03-10T21:10:01Z, 741660
2026-03-10T21:15:01Z, 743249
2026-03-10T21:20:01Z, 748043
2026-03-10T21:25:01Z, 738314
2026-03-10T21:30:01Z, 749098
2026-03-10T21:35:01Z, 700137
2026-03-10T21:40:01Z, 749733
2026-03-10T21:45:02Z, 731943
2026-03-10T21:50:01Z, 687979
2026-03-10T21:55:01Z, 751070
2026-03-10T22:00:01Z, 717371
2026-03-10T22:05:01Z, 746324
2026-03-10T22:10:01Z, 752411
2026-03-10T22:15:01Z, 733570
2026-03-10T22:20:01Z, 752211
2026-03-10T22:25:01Z, 727535
2026-03-10T22:30:01Z, 743427
2026-03-10T22:35:01Z, 692110
2026-03-10T22:40:01Z, 712696
2026-03-10T22:45:01Z, 752790
2026-03-10T22:50:01Z, 732174
2026-03-10T22:55:01Z, 752905
2026-03-10T23:00:01Z, 736988
2026-03-10T23:05:01Z, 750384
2026-03-10T23:10:01Z, 751422
2026-03-10T23:15:01Z, 748730
2026-03-10T23:20:01Z, 750638
2026-03-10T23:25:01Z, 744018
2026-03-10T23:30:01Z, 737681
2026-03-10T23:35:01Z, 734985
2026-03-10T23:40:01Z, 753077
2026-03-10T23:45:01Z, 749820
2026-03-10T23:50:01Z, 751818
2026-03-10T23:55:01Z, 753149
2026-03-11T00:00:01Z, 733691
2026-03-11T00:05:02Z, 753269
2026-03-11T00:10:01Z, 753306
2026-03-11T00:15:01Z, 753335
2026-03-11T00:20:01Z, 746455
2026-03-11T00:25:01Z, 728961
2026-03-11T00:30:01Z, 748396
2026-03-11T00:35:01Z, 739514
2026-03-11T00:40:01Z, 724098
2026-03-11T00:45:01Z, 738916
2026-03-11T00:50:01Z, 752791
2026-03-11T00:55:01Z, 753519
2026-03-11T01:00:01Z, 750482
2026-03-11T01:05:01Z, 746936
2026-03-11T01:10:01Z, 712287
2026-03-11T01:15:01Z, 747472
2026-03-11T01:20:01Z, 708863
2026-03-11T01:25:01Z, 729879
2026-03-11T01:30:01Z, 701497
2026-03-11T01:35:01Z, 745664
2026-03-11T01:40:01Z, 745501
2026-03-11T01:45:01Z, 666441
2026-03-11T01:50:01Z, 739966
2026-03-11T01:55:01Z, 730513
2026-03-11T02:00:01Z, 746105
2026-03-11T02:05:01Z, 750338
2026-03-11T02:10:01Z, 737723
2026-03-11T02:15:01Z, 746681
2026-03-11T02:20:01Z, 729451
2026-03-11T02:25:01Z, 720251
2026-03-11T02:30:01Z, 683476
2026-03-11T02:35:01Z, 741944
2026-03-11T02:40:01Z, 748126
2026-03-11T02:45:01Z, 736249
2026-03-11T02:50:01Z, 739080
2026-03-11T02:55:01Z, 739720
2026-03-11T03:00:01Z, 705729
2026-03-11T03:05:01Z, 721514
2026-03-11T03:10:01Z, 723635
2026-03-11T03:15:01Z, 719508
2026-03-11T03:20:01Z, 744399
2026-03-11T03:25:01Z, 727396
2026-03-11T03:30:01Z, 655965
2026-03-11T03:35:01Z, 754801
2026-03-11T03:40:01Z, 695163
2026-03-11T03:45:01Z, 696306
2026-03-11T03:50:01Z, 735363
2026-03-11T03:55:01Z, 752733
2026-03-11T04:00:01Z, 747184
2026-03-11T04:05:01Z, 746802
2026-03-11T04:10:01Z, 752864
2026-03-11T04:15:01Z, 730312
2026-03-11T04:20:01Z, 749914
2026-03-11T04:25:01Z, 746948
2026-03-11T04:30:01Z, 741445
2026-03-11T04:35:01Z, 754968
2026-03-11T04:40:01Z, 732410
2026-03-11T04:45:01Z, 709332
2026-03-11T04:50:01Z, 749378
2026-03-11T04:55:01Z, 748593
2026-03-11T05:00:01Z, 749722
2026-03-11T05:05:01Z, 694594
2026-03-11T05:10:01Z, 689713
2026-03-11T05:15:01Z, 747607
2026-03-11T05:20:01Z, 748328
2026-03-11T05:25:01Z, 730418
2026-03-11T05:30:01Z, 751892
2026-03-11T05:35:01Z, 744900
2026-03-11T05:40:01Z, 709540
2026-03-11T05:45:01Z, 715885
2026-03-11T05:50:01Z, 746543
2026-03-11T05:55:01Z, 698472
2026-03-11T06:00:01Z, 704924
2026-03-11T06:05:01Z, 214317
2026-03-11T06:10:01Z, 205413
2026-03-11T06:15:01Z, 329460
2026-03-11T06:20:01Z, 224048
2026-03-11T06:25:01Z, 244617
2026-03-11T06:30:01Z, 215885
2026-03-11T06:35:01Z, 236720
2026-03-11T06:40:01Z, null
2026-03-11T06:45:01Z, 172679
2026-03-11T06:50:01Z, null
2026-03-11T06:55:01Z, 286630
2026-03-11T07:00:01Z, 195637
2026-03-11T07:05:01Z, 181064
2026-03-11T07:10:01Z, null
2026-03-11T07:15:01Z, null
2026-03-11T07:20:01Z, null
2026-03-11T07:25:01Z, null
2026-03-11T07:30:01Z, 185976
2026-03-11T07:35:01Z, 196903
2026-03-11T07:40:01Z, 220809
2026-03-11T07:45:01Z, 193376
2026-03-11T07:50:01Z, 263566
2026-03-11T07:55:01Z, 190171
2026-03-11T08:00:01Z, 174821
2026-03-11T08:05:01Z, null
2026-03-11T08:10:01Z, 162037
2026-03-11T08:15:01Z, 298770
2026-03-11T08:20:01Z, 170063
2026-03-11T08:25:01Z, null
2026-03-11T08:30:01Z, 246323
2026-03-11T08:35:01Z, 252750
2026-03-11T08:40:01Z, 125838
2026-03-11T08:45:01Z, null
2026-03-11T08:50:01Z, 259775
2026-03-11T08:55:01Z, 218592
2026-03-11T09:00:01Z, 201043
2026-03-11T09:05:01Z, 218521
2026-03-11T09:10:01Z, 247671
2026-03-11T09:15:01Z, 269441
2026-03-11T09:20:01Z, null
2026-03-11T09:25:01Z, 182794
2026-03-11T09:30:01Z, null
2026-03-11T09:35:01Z, 176476
2026-03-11T09:40:01Z, null
2026-03-11T09:45:01Z, 184993
2026-03-11T09:50:01Z, 239956
2026-03-11T09:55:01Z, null
2026-03-11T10:00:01Z, 288908
2026-03-11T10:05:01Z, 150231
2026-03-11T10:10:01Z, null
2026-03-11T10:15:01Z, 369692
2026-03-11T10:20:01Z, 120220
2026-03-11T10:25:01Z, null
2026-03-11T10:30:01Z, 204797
2026-03-11T10:35:01Z, 210288
2026-03-11T10:40:01Z, 192050
2026-03-11T10:45:01Z, null
2026-03-11T10:50:01Z, 191510
2026-03-11T10:55:02Z, null
2026-03-11T11:00:01Z, 194485
2026-03-11T11:05:01Z, 254295
2026-03-11T11:10:01Z, 195420
2026-03-11T11:15:01Z, null
2026-03-11T11:20:01Z, null
2026-03-11T11:25:01Z, 143112
2026-03-11T11:30:01Z, 156071
2026-03-11T11:35:01Z, 205166
2026-03-11T11:40:01Z, 275463
2026-03-11T11:45:01Z, 178450
2026-03-11T11:50:01Z, null
2026-03-11T11:55:01Z, 364534
2026-03-11T12:00:01Z, 191222
2026-03-11T12:05:01Z, 234773
2026-03-11T12:10:01Z, 252573
2026-03-11T12:15:01Z, 191571
2026-03-11T12:20:01Z, 212826
2026-03-11T12:25:01Z, 227920
2026-03-11T12:30:01Z, null
2026-03-11T12:35:01Z, 180841
2026-03-11T12:40:01Z, null
2026-03-11T12:45:01Z, null
2026-03-11T12:50:01Z, 276127
2026-03-11T12:55:01Z, 198628
2026-03-11T13:00:01Z, 255957
2026-03-11T13:05:01Z, 276093
2026-03-11T13:10:01Z, 218321
2026-03-11T13:15:01Z, 334267
2026-03-11T13:20:01Z, 228064
2026-03-11T13:25:01Z, 156717
2026-03-11T13:30:01Z, null
2026-03-11T13:35:01Z, 190967
2026-03-11T13:40:01Z, 209701
2026-03-11T13:45:01Z, 124349
2026-03-11T13:50:01Z, 234798
2026-03-11T13:55:01Z, null
2026-03-11T14:00:01Z, 308602
2026-03-11T14:05:01Z, null
2026-03-11T14:10:01Z, 170256
2026-03-11T14:15:01Z, null
2026-03-11T14:20:01Z, 264464
2026-03-11T14:25:01Z, 169327
2026-03-11T14:30:01Z, 175801
2026-03-11T14:35:01Z, null
2026-03-11T14:40:01Z, 260986
2026-03-11T14:45:01Z, 161183
2026-03-11T14:50:01Z, 206056
2026-03-11T14:55:01Z, 165816
2026-03-11T15:00:01Z, 126041
2026-03-11T15:05:01Z, 245703
2026-03-11T15:10:01Z, 290613
2026-03-11T15:15:01Z, 276658
2026-03-11T15:20:01Z, null
2026-03-11T15:25:01Z, 229865
2026-03-11T15:30:02Z, 213286
2026-03-11T15:35:01Z, null
2026-03-11T15:40:01Z, null
2026-03-11T15:45:01Z, 263463
2026-03-11T15:50:01Z, 155442
2026-03-11T15:55:01Z, 82393
2026-03-11T16:00:02Z, 152042
2026-03-11T16:05:01Z, null
2026-03-11T16:10:01Z, 128012
2026-03-11T16:15:01Z, 480738
2026-03-11T16:20:01Z, 345804
2026-03-11T16:25:01Z, 255057
2026-03-11T16:30:01Z, null
2026-03-11T16:35:01Z, 220314
2026-03-11T16:40:01Z, 357980
2026-03-11T16:45:01Z, 99383
2026-03-11T16:50:01Z, 267307
2026-03-11T16:55:01Z, 234919
2026-03-11T17:00:01Z, 167414
2026-03-11T17:05:01Z, 206686
2026-03-11T17:10:01Z, null
2026-03-11T17:15:01Z, 210600
2026-03-11T17:20:02Z, null
2026-03-11T17:25:01Z, 256776
2026-03-11T17:30:01Z, 303234
2026-03-11T17:35:01Z, 227077
2026-03-11T17:40:01Z, 290334
2026-03-11T17:45:01Z, 436068
2026-03-11T17:50:01Z, 237411
2026-03-11T17:55:01Z, null
2026-03-11T18:00:01Z, 173554
2026-03-11T18:05:01Z, 410411
2026-03-11T18:10:01Z, null
2026-03-11T18:15:01Z, 256698
2026-03-11T18:20:01Z, 247390
2026-03-11T18:25:01Z, 159173
2026-03-11T18:30:01Z, 312599
2026-03-11T18:35:01Z, 166732
2026-03-11T18:40:01Z, 147220
2026-03-11T18:45:01Z, null
2026-03-11T18:50:01Z, 270157
2026-03-11T18:55:01Z, 249764
2026-03-11T19:00:01Z, 165080
2026-03-11T19:05:01Z, 259752
2026-03-11T19:10:01Z, 189645
2026-03-11T19:15:01Z, 155164
2026-03-11T19:20:01Z, null
2026-03-11T19:25:01Z, 273256
2026-03-11T19:30:01Z, 261831
2026-03-11T19:35:01Z, 223813
2026-03-11T19:40:01Z, 303757
2026-03-11T19:45:01Z, null
2026-03-11T19:50:01Z, null
2026-03-11T19:55:01Z, 257528
2026-03-11T20:00:01Z, 131450
2026-03-11T20:05:01Z, 243381
2026-03-11T20:10:01Z, 270927
2026-03-11T20:15:01Z, null
2026-03-11T20:20:01Z, 333218
2026-03-11T20:25:01Z, 308025
2026-03-11T20:30:01Z, 267144
2026-03-11T20:35:01Z, 219665
2026-03-11T20:40:01Z, 313161
2026-03-11T20:45:01Z, 292014
2026-03-11T20:50:01Z, null
2026-03-11T20:55:01Z, 244119
2026-03-11T21:00:01Z, 334557
2026-03-11T21:05:01Z, 211014
2026-03-11T21:10:01Z, null
2026-03-11T21:15:01Z, 268921
2026-03-11T21:20:01Z, null
2026-03-11T21:25:01Z, 303337
2026-03-11T21:30:02Z, 245606
2026-03-11T21:35:01Z, 196240
2026-03-11T21:40:01Z, 245302
2026-03-11T21:45:01Z, 294880
2026-03-11T21:50:01Z, 267414
2026-03-11T21:55:01Z, 315930
2026-03-11T22:00:01Z, 246924
2026-03-11T22:05:01Z, 357858
2026-03-11T22:10:01Z, null
2026-03-11T22:15:01Z, 370467
2026-03-11T22:20:01Z, 257150
2026-03-11T22:25:01Z, 253196
2026-03-11T22:30:01Z, 261134
2026-03-11T22:35:01Z, 328691
2026-03-11T22:40:01Z, 382051
2026-03-11T22:45:01Z, 311594
2026-03-11T22:50:01Z, null
2026-03-11T22:55:01Z, null
2026-03-11T23:00:01Z, null
2026-03-11T23:05:01Z, 281064
2026-03-11T23:10:01Z, 286307
2026-03-11T23:15:01Z, 329745
2026-03-11T23:20:01Z, 448932
2026-03-11T23:25:01Z, 239720
2026-03-11T23:30:01Z, 311359
2026-03-11T23:35:01Z, 397025
2026-03-11T23:40:01Z, null
2026-03-11T23:45:01Z, null
2026-03-11T23:50:01Z, 319712
2026-03-11T23:55:01Z, 285058
2026-03-12T00:00:01Z, 246021
2026-03-12T00:05:01Z, 345367
2026-03-12T00:10:01Z, 147715
2026-03-12T00:15:01Z, 436556
2026-03-12T00:20:01Z, 336013
2026-03-12T00:25:01Z, 378625
2026-03-12T00:30:01Z, null
2026-03-12T00:35:01Z, 273178
2026-03-12T00:40:01Z, 377987
2026-03-12T00:45:01Z, 331117
2026-03-12T00:50:01Z, 234007
2026-03-12T00:55:01Z, 239425
2026-03-12T01:00:01Z, 432359
2026-03-12T01:05:01Z, 237866
2026-03-12T01:10:01Z, 217052
2026-03-12T01:15:01Z, 287434
2026-03-12T01:20:01Z, 225899
2026-03-12T01:25:01Z, 399409
2026-03-12T01:30:01Z, 325472
2026-03-12T01:35:01Z, 268151
2026-03-12T01:40:01Z, 371961
2026-03-12T01:45:01Z, 365769
2026-03-12T01:50:01Z, 235786
2026-03-12T01:55:02Z, 
2026-03-12T02:00:01Z, 263698
2026-03-12T02:05:01Z, 220935
2026-03-12T02:10:01Z, 184309
2026-03-12T02:15:01Z, 329450
2026-03-12T02:20:01Z, 218832
2026-03-12T02:25:01Z, 298155
2026-03-12T02:30:01Z, 392981
2026-03-12T02:35:01Z, 207556
2026-03-12T02:40:01Z, 224172
2026-03-12T02:45:01Z, null
2026-03-12T02:50:01Z, 253871
2026-03-12T02:55:01Z, 237657
2026-03-12T03:00:01Z, 296591
2026-03-12T03:05:01Z, null
2026-03-12T03:10:01Z, 223010
2026-03-12T03:15:01Z, 276951
2026-03-12T03:20:01Z, 347079
2026-03-12T03:25:01Z, 279803
2026-03-12T03:30:01Z, 377805
2026-03-12T03:35:01Z, null
2026-03-12T03:40:01Z, 197572
2026-03-12T03:45:01Z, null
2026-03-12T03:50:01Z, null
2026-03-12T03:55:01Z, 232861
2026-03-12T04:00:01Z, 240076
2026-03-12T04:05:01Z, 340902
2026-03-12T04:10:01Z, null
2026-03-12T04:15:01Z, 282735
2026-03-12T04:20:01Z, 274477
2026-03-12T04:25:01Z, null
2026-03-12T04:30:01Z, 299415
2026-03-12T04:35:01Z, 258970
2026-03-12T04:40:01Z, null
2026-03-12T04:45:01Z, null
2026-03-12T04:50:01Z, null
2026-03-12T04:55:01Z, 260362
2026-03-12T05:00:01Z, null
2026-03-12T05:05:01Z, 309318
2026-03-12T05:10:01Z, null
2026-03-12T05:15:01Z, 278910
2026-03-12T05:20:01Z, 409068
2026-03-12T05:25:01Z, 143339
2026-03-12T05:30:01Z, 342807
2026-03-12T05:35:01Z, 279076
2026-03-12T05:40:01Z, 361563
2026-03-12T05:45:01Z, null
2026-03-12T05:50:01Z, null
2026-03-12T05:55:01Z, 242885
2026-03-12T06:00:01Z, 192938
2026-03-12T06:05:01Z, 337062
2026-03-12T06:10:01Z, 156169
2026-03-12T06:15:01Z, 192859
2026-03-12T06:20:01Z, null
2026-03-12T06:25:01Z, 337269
2026-03-12T06:30:01Z, 209518
2026-03-12T06:35:01Z, 353776
2026-03-12T06:40:01Z, 247581
2026-03-12T06:45:01Z, null
2026-03-12T06:50:01Z, null
2026-03-12T06:55:01Z, null
2026-03-12T07:00:01Z, null
2026-03-12T07:05:01Z, null
2026-03-12T07:10:01Z, 247125
2026-03-12T07:15:01Z, 280446
2026-03-12T07:20:01Z, 177476
2026-03-12T07:25:01Z, null
2026-03-12T07:30:01Z, 165979
2026-03-12T07:35:01Z, null
2026-03-12T07:40:01Z, 260123
2026-03-12T07:45:01Z, 223862
2026-03-12T07:50:02Z, null
2026-03-12T07:55:01Z, 247734
2026-03-12T08:00:01Z, 208339
2026-03-12T08:05:01Z, 201538
2026-03-12T08:10:01Z, null
2026-03-12T08:15:01Z, 309781
2026-03-12T08:20:01Z, 246873
2026-03-12T08:25:01Z, 166976
2026-03-12T08:30:01Z, 208110
2026-03-12T08:35:01Z, 193597
2026-03-12T08:40:01Z, null
2026-03-12T08:45:01Z, 256135
2026-03-12T08:50:01Z, null
2026-03-12T08:55:01Z, 155615
2026-03-12T09:00:01Z, null
2026-03-12T09:05:01Z, null
2026-03-12T09:10:01Z, 248178
2026-03-12T09:15:01Z, null
2026-03-12T09:20:01Z, null
2026-03-12T09:25:01Z, 244064
2026-03-12T09:30:01Z, null
2026-03-12T09:35:01Z, null
2026-03-12T09:40:01Z, 203431
2026-03-12T09:45:01Z, 180298
2026-03-12T09:50:01Z, null
2026-03-12T09:55:01Z, 187223
2026-03-12T10:00:01Z, null
2026-03-12T10:05:01Z, 192697
2026-03-12T10:10:01Z, 282718
2026-03-12T10:15:01Z, 287245
2026-03-12T10:20:01Z, 336804
2026-03-12T10:25:01Z, null
2026-03-12T10:30:01Z, 180006
2026-03-12T10:35:02Z, null
2026-03-12T10:40:01Z, null
2026-03-12T10:45:01Z, null
2026-03-12T10:50:01Z, null
2026-03-12T10:55:01Z, null
2026-03-12T11:00:01Z, null
2026-03-12T11:05:01Z, 221263
2026-03-12T11:10:01Z, 133742
2026-03-12T11:15:01Z, 237894
2026-03-12T11:20:01Z, null
2026-03-12T11:25:01Z, null
2026-03-12T11:30:01Z, 256605
2026-03-12T11:35:01Z, 237739
2026-03-12T11:40:01Z, 226074
2026-03-12T11:45:01Z, 258657
2026-03-12T11:50:01Z, null
2026-03-12T11:55:01Z, 225107
2026-03-12T12:00:01Z, 137697
2026-03-12T12:05:01Z, 283865
2026-03-12T12:10:02Z, 250753
2026-03-12T12:15:01Z, 171057
2026-03-12T12:20:01Z, 314278
2026-03-12T12:25:01Z, null
2026-03-12T12:30:01Z, 174764
2026-03-12T12:35:01Z, null
2026-03-12T12:40:01Z, null
2026-03-12T12:45:01Z, null
2026-03-12T12:50:01Z, 265758
2026-03-12T12:55:01Z, 250573
2026-03-12T13:00:01Z, 210629
2026-03-12T13:05:01Z, null
2026-03-12T13:10:01Z, null
2026-03-12T13:15:01Z, null
2026-03-12T13:20:01Z, 182991
2026-03-12T13:25:01Z, 110570
2026-03-12T13:30:01Z, 311110
2026-03-12T13:35:01Z, 243607
2026-03-12T13:40:01Z, 191264
2026-03-12T13:45:01Z, null
2026-03-12T13:50:01Z, null
2026-03-12T13:55:01Z, null
2026-03-12T14:00:01Z, 488333
2026-03-12T14:05:01Z, null
2026-03-12T14:10:01Z, 226753
2026-03-12T14:15:01Z, null
2026-03-12T14:20:01Z, 223425
2026-03-12T14:25:01Z, 211284
2026-03-12T14:30:01Z, 198154
2026-03-12T14:35:01Z, 140966
2026-03-12T14:40:01Z, null
2026-03-12T14:45:01Z, null
2026-03-12T14:50:01Z, 298140
2026-03-12T14:55:01Z, null
2026-03-12T15:00:01Z, null
2026-03-12T15:05:01Z, null
2026-03-12T15:10:01Z, 242192
2026-03-12T15:15:01Z, 174392
2026-03-12T15:20:01Z, 142600
2026-03-12T15:25:01Z, 263847
2026-03-12T15:30:01Z, null
2026-03-12T15:35:01Z, 190486
2026-03-12T15:40:01Z, 181361
2026-03-12T15:45:01Z, null
2026-03-12T15:50:01Z, null
2026-03-12T15:55:01Z, null
2026-03-12T16:00:01Z, 221966
2026-03-12T16:05:01Z, 227346
2026-03-12T16:10:01Z, 189338
2026-03-12T16:15:01Z, 119020
2026-03-12T16:20:01Z, null
2026-03-12T16:25:01Z, null
2026-03-12T16:30:01Z, 179432
2026-03-12T16:35:01Z, null
2026-03-12T16:40:01Z, 210880
2026-03-12T16:45:01Z, 195397
2026-03-12T16:50:01Z, null
2026-03-12T16:55:01Z, null
2026-03-12T17:00:01Z, 294470
2026-03-12T17:05:01Z, 234705
2026-03-12T17:10:01Z, null
2026-03-12T17:15:01Z, 187609
2026-03-12T17:20:01Z, 181250
2026-03-12T17:25:01Z, null
2026-03-12T17:30:01Z, null
2026-03-12T17:35:01Z, 232033
2026-03-12T17:40:01Z, 155497
2026-03-12T17:45:01Z, 345277
2026-03-12T17:50:01Z, 279315
2026-03-12T17:55:01Z, 167982
2026-03-12T18:00:01Z, 178667
2026-03-12T18:05:01Z, 233539
2026-03-12T18:10:01Z, 308495
2026-03-12T18:15:01Z, null
2026-03-12T18:20:01Z, 225530
2026-03-12T18:25:01Z, null
2026-03-12T18:30:01Z, 208557
2026-03-12T18:35:01Z, 283177
2026-03-12T18:40:01Z, 214597
2026-03-12T18:45:01Z, 508283
2026-03-12T18:50:01Z, null
2026-03-12T18:55:01Z, null
2026-03-12T19:00:01Z, 277641
2026-03-12T19:05:01Z, 155947
2026-03-12T19:10:01Z, 288912
2026-03-12T19:15:01Z, 316979
2026-03-12T19:20:01Z, 228839
2026-03-12T19:25:01Z, 237687
2026-03-12T19:30:01Z, 395192
2026-03-12T19:35:01Z, 310912
2026-03-12T19:40:02Z, 368510
2026-03-12T19:45:01Z, 244824
2026-03-12T19:50:01Z, null
2026-03-12T19:55:01Z, 273444
2026-03-12T20:00:01Z, 224332
2026-03-12T20:05:01Z, 305720
2026-03-12T20:10:01Z, 341906
2026-03-12T20:15:01Z, 250403
2026-03-12T20:20:01Z, null
2026-03-12T20:25:01Z, null
2026-03-12T20:30:01Z, 272997
2026-03-12T20:35:01Z, 173829
2026-03-12T20:40:01Z, 200192
2026-03-12T20:45:01Z, null
2026-03-12T20:50:01Z, 209600
2026-03-12T20:55:01Z, 184529
2026-03-12T21:00:01Z, 336748
2026-03-12T21:05:01Z, 213014
2026-03-12T21:10:01Z, null
2026-03-12T21:15:01Z, 305512
2026-03-12T21:20:01Z, 266460
2026-03-12T21:25:01Z, null
2026-03-12T21:30:01Z, 219570
2026-03-12T21:35:01Z, 273451
2026-03-12T21:40:01Z, 283823
2026-03-12T21:45:01Z, 269519
2026-03-12T21:50:01Z, 207360
2026-03-12T21:55:01Z, 273156
2026-03-12T22:00:01Z, 333800
2026-03-12T22:05:01Z, 291597
2026-03-12T22:10:01Z, 209926
2026-03-12T22:15:01Z, 320589
2026-03-12T22:20:01Z, 255110
2026-03-12T22:25:01Z, 358329
2026-03-12T22:30:01Z, 246521
2026-03-12T22:35:01Z, 257610
2026-03-12T22:40:01Z, 395705
2026-03-12T22:45:01Z, 363996
2026-03-12T22:50:01Z, 286400
2026-03-12T22:55:01Z, 98672
2026-03-12T23:00:01Z, 324078
2026-03-12T23:05:01Z, 339365
2026-03-12T23:10:01Z, 274134
2026-03-12T23:15:01Z, 291952
2026-03-12T23:20:01Z, 341722
2026-03-12T23:25:01Z, 297326
2026-03-12T23:30:01Z, 266776
2026-03-12T23:35:01Z, 330359
2026-03-12T23:40:01Z, 265681
2026-03-12T23:45:01Z, 325140
2026-03-12T23:50:01Z, 207966
2026-03-12T23:55:01Z, 298341
2026-03-13T00:00:01Z, 284874
2026-03-13T00:05:01Z, 223873
2026-03-13T00:10:01Z, 264884
2026-03-13T00:15:01Z, 308439
2026-03-13T00:20:01Z, 284726
2026-03-13T00:25:01Z, 384712
2026-03-13T00:30:01Z, 435076
2026-03-13T00:35:01Z, 329562
2026-03-13T00:40:01Z, 336487
2026-03-13T00:45:01Z, 379788
2026-03-13T00:50:01Z, null
2026-03-13T00:55:01Z, 305971
2026-03-13T01:00:01Z, 191145
2026-03-13T01:05:01Z, 357891
2026-03-13T01:10:01Z, 267323
2026-03-13T01:15:01Z, 291459
2026-03-13T01:20:01Z, 235808
2026-03-13T01:25:01Z, 331624
2026-03-13T01:30:01Z, 271223
2026-03-13T01:35:01Z, 196418
2026-03-13T01:40:01Z, 263981
2026-03-13T01:45:01Z, 246562
2026-03-13T01:50:01Z, 183442
2026-03-13T01:55:01Z, 261785
2026-03-13T02:00:01Z, null
2026-03-13T02:05:01Z, 291668
2026-03-13T02:10:01Z, 262235
2026-03-13T02:15:01Z, 236063
2026-03-13T02:20:01Z, 303539
2026-03-13T02:25:01Z, 354980
2026-03-13T02:30:01Z, null
2026-03-13T02:35:01Z, 259234
2026-03-13T02:40:01Z, 265424
2026-03-13T02:45:01Z, 255535
2026-03-13T02:50:01Z, null
2026-03-13T02:55:01Z, 186785
2026-03-13T03:00:01Z, 261446
2026-03-13T03:05:01Z, 203367
2026-03-13T03:10:01Z, null
2026-03-13T03:15:01Z, 252605
2026-03-13T03:20:01Z, 110749
2026-03-13T03:25:01Z, 304132
2026-03-13T03:30:01Z, 235841
2026-03-13T03:35:01Z, 223189
2026-03-13T03:40:01Z, null
2026-03-13T03:45:01Z, 345389
2026-03-13T03:50:01Z, 200556
2026-03-13T03:55:01Z, 240846
2026-03-13T04:00:01Z, 277518
2026-03-13T04:05:01Z, 212477
2026-03-13T04:10:01Z, 264947
2026-03-13T04:15:01Z, 272032
2026-03-13T04:20:01Z, 326011
2026-03-13T04:25:01Z, 264590
2026-03-13T04:30:01Z, 303423
2026-03-13T04:35:01Z, null
2026-03-13T04:40:01Z, 208512
2026-03-13T04:45:01Z, 248401
2026-03-13T04:50:01Z, null
2026-03-13T04:55:01Z, 376464
2026-03-13T05:00:01Z, 125579
2026-03-13T05:05:01Z, 212067
2026-03-13T05:10:01Z, 299196
2026-03-13T05:15:01Z, 279481
2026-03-13T05:20:01Z, 144221
2026-03-13T05:25:01Z, 321618
2026-03-13T05:30:01Z, 264834
2026-03-13T05:35:01Z, 237842
2026-03-13T05:40:01Z, 273914
2026-03-13T05:45:01Z, 352085
2026-03-13T05:50:01Z, 171128
2026-03-13T05:55:01Z, 389918
2026-03-13T06:00:01Z, 320539
2026-03-13T06:05:01Z, 187976
2026-03-13T06:10:01Z, 245758
2026-03-13T06:15:01Z, 191572
2026-03-13T06:20:01Z, 130572
2026-03-13T06:25:01Z, 289225
2026-03-13T06:30:01Z, 177763
2026-03-13T06:35:01Z, null
2026-03-13T06:40:01Z, null
2026-03-13T06:45:01Z, 205229
2026-03-13T06:50:01Z, null
2026-03-13T06:55:01Z, null
2026-03-13T07:00:01Z, 270689
2026-03-13T07:05:01Z, 195055
2026-03-13T07:10:01Z, null
2026-03-13T07:15:01Z, null
2026-03-13T07:20:01Z, 148470
2026-03-13T07:25:01Z, null
2026-03-13T07:30:01Z, 289844
2026-03-13T07:35:01Z, 275272
2026-03-13T07:40:01Z, null
2026-03-13T07:45:01Z, null
2026-03-13T07:50:01Z, 226368
2026-03-13T07:55:01Z, 307440
2026-03-13T08:00:01Z, null
2026-03-13T08:05:01Z, 278056
2026-03-13T08:10:01Z, null
2026-03-13T08:15:01Z, 344769
2026-03-13T08:20:01Z, 169076
2026-03-13T08:25:01Z, 219706
2026-03-13T08:30:01Z, 182937
2026-03-13T08:35:01Z, 183075
2026-03-13T08:40:01Z, null
2026-03-13T08:45:01Z, null
2026-03-13T08:50:01Z, null
2026-03-13T08:55:01Z, 243903
2026-03-13T09:00:01Z, 159658
2026-03-13T09:05:01Z, 154125
2026-03-13T09:10:01Z, null
2026-03-13T09:15:01Z, null
2026-03-13T09:20:01Z, null
2026-03-13T09:25:01Z, null
2026-03-13T09:30:01Z, null
2026-03-13T09:35:01Z, null
2026-03-13T09:40:01Z, null
2026-03-13T09:45:01Z, 194626
2026-03-13T09:50:01Z, 206654
2026-03-13T09:55:01Z, 251519
2026-03-13T10:00:01Z, null
2026-03-13T10:05:01Z, null
2026-03-13T10:10:01Z, null
2026-03-13T10:15:01Z, null
2026-03-13T10:20:02Z, null
2026-03-13T10:25:01Z, null
2026-03-13T10:30:01Z, 268653
2026-03-13T10:35:01Z, 240913
2026-03-13T10:40:01Z, 248467
2026-03-13T10:45:01Z, 180252
2026-03-13T10:50:01Z, 348629
2026-03-13T10:55:01Z, 287225
2026-03-13T11:00:01Z, 244392
2026-03-13T11:05:01Z, null
2026-03-13T11:10:01Z, 193266
2026-03-13T11:15:01Z, null
2026-03-13T11:20:01Z, null
2026-03-13T11:25:01Z, 184138
2026-03-13T11:30:01Z, 254267
2026-03-13T11:35:01Z, 176621
2026-03-13T11:40:01Z, 255055
2026-03-13T11:45:01Z, 208898
2026-03-13T11:50:01Z, null
2026-03-13T11:55:01Z, 298043
2026-03-13T12:00:01Z, 240819
2026-03-13T12:05:01Z, 349480
2026-03-13T12:10:01Z, 192658
2026-03-13T12:15:01Z, 266048
2026-03-13T12:20:01Z, 266230
2026-03-13T12:25:01Z, 263229
2026-03-13T12:30:01Z, 204783
2026-03-13T12:35:01Z, 205561
2026-03-13T12:40:01Z, 208330
2026-03-13T12:45:01Z, 298839
2026-03-13T12:50:01Z, null
2026-03-13T12:55:01Z, 239733
2026-03-13T13:00:01Z, 279471
2026-03-13T13:05:01Z, 284427
2026-03-13T13:10:01Z, 184130
2026-03-13T13:15:01Z, null
2026-03-13T13:20:01Z, 303809
2026-03-13T13:25:01Z, 220244
2026-03-13T13:30:01Z, 200651
2026-03-13T13:35:01Z, null
2026-03-13T13:40:01Z, 174227
2026-03-13T13:45:01Z, 245562
2026-03-13T13:50:01Z, 335221
2026-03-13T13:55:01Z, 248591
2026-03-13T14:00:01Z, 127965
2026-03-13T14:05:01Z, 265298
2026-03-13T14:10:01Z, 177577
2026-03-13T14:15:01Z, null
2026-03-13T14:20:01Z, 287942
2026-03-13T14:25:01Z, 212070
2026-03-13T14:30:01Z, null
2026-03-13T14:35:01Z, null
2026-03-13T14:40:01Z, null
2026-03-13T14:45:01Z, 257922
2026-03-13T14:50:01Z, 204593
2026-03-13T14:55:01Z, 143271
2026-03-13T15:00:01Z, 380660
2026-03-13T15:05:01Z, null
2026-03-13T15:10:01Z, 171756
2026-03-13T15:15:01Z, null
2026-03-13T15:20:01Z, 189156
2026-03-13T15:25:01Z, 234032
2026-03-13T15:30:01Z, 176030
2026-03-13T15:35:01Z, 201660
2026-03-13T15:40:01Z, 218244
2026-03-13T15:45:01Z, 268897
2026-03-13T15:50:01Z, 203064
2026-03-13T15:55:01Z, 204968
2026-03-13T16:00:01Z, null
2026-03-13T16:05:01Z, 261088
2026-03-13T16:10:01Z, null
2026-03-13T16:15:01Z, 224628
2026-03-13T16:20:01Z, 201961
2026-03-13T16:25:01Z, 244723
2026-03-13T16:30:01Z, 297810
2026-03-13T16:35:01Z, null
2026-03-13T16:40:01Z, null
2026-03-13T16:45:01Z, null
2026-03-13T16:50:01Z, 305107
2026-03-13T16:55:02Z, 358453
2026-03-13T17:00:01Z, 203229
2026-03-13T17:05:01Z, 192306
2026-03-13T17:10:01Z, 252680
2026-03-13T17:15:01Z, 171749
2026-03-13T17:20:02Z, 252614
2026-03-13T17:25:01Z, 312190
2026-03-13T17:30:01Z, 171790
2026-03-13T17:35:01Z, 168615
2026-03-13T17:40:01Z, 383298
2026-03-13T17:45:01Z, 152848
2026-03-13T17:50:01Z, 189571
2026-03-13T17:55:01Z, 281540
2026-03-13T18:00:01Z, null
2026-03-13T18:05:01Z, 267834
2026-03-13T18:10:01Z, null
2026-03-13T18:15:01Z, 280675
2026-03-13T18:20:01Z, 228760
2026-03-13T18:25:01Z, null
2026-03-13T18:30:01Z, 275483
2026-03-13T18:35:01Z, 196942
2026-03-13T18:40:01Z, 178905
2026-03-13T18:45:01Z, null
2026-03-13T18:50:01Z, 198881
2026-03-13T18:55:01Z, 252290
2026-03-13T19:00:01Z, null
2026-03-13T19:05:01Z, 147049
2026-03-13T19:10:01Z, 281434
2026-03-13T19:15:01Z, 453639
2026-03-13T19:20:02Z, 438492
2026-03-13T19:25:01Z, 227840
2026-03-13T19:30:01Z, 241088
2026-03-13T19:35:01Z, 472760
2026-03-13T19:40:01Z, 543576
2026-03-13T19:45:01Z, 614251
2026-03-13T19:50:01Z, 254776
2026-03-13T19:55:01Z, 445803
