2026-03-03-22:26:46, 0
2026-03-03-22:30:01, 0
2026-03-03-22:35:01, 0
2026-03-03-22:40:01, 0
2026-03-03-22:45:01, 0
2026-03-03-22:50:01, 0
2026-03-03-22:55:01, 0
2026-03-03-23:00:01, 0
2026-03-03-23:05:01, null
2026-03-03-23:10:01, null
2026-03-03-23:15:01, 0
2026-03-03-23:20:01, 0
2026-03-03-23:25:01, 0
2026-03-03-23:30:01, 0
2026-03-03-23:35:01, 0
2026-03-03-23:40:01, 0
2026-03-03-23:45:01, 0
2026-03-03-23:50:01, 0
2026-03-03-23:55:01, 0
2026-03-04-00:00:01, 0
2026-03-04-00:05:01, 0
2026-03-04-00:10:01, 0
2026-03-04-00:15:01, 0
2026-03-04-00:20:01, 0
2026-03-04-00:25:01, 0
2026-03-04-00:30:01, 0
2026-03-04-00:35:01, 0
2026-03-04-00:40:01, 0
2026-03-04-00:45:01, 0
2026-03-04-00:50:01, 0
2026-03-04-00:55:01, 0
2026-03-04-01:00:01, 0
2026-03-04-01:05:01, 0
2026-03-04-01:08:16, 0
2026-03-04-01:10:01, 0
2026-03-04-01:15:01, 0
2026-03-04-01:20:01, 0
2026-03-04-01:25:01, 0
2026-03-04-01:30:01, null
2026-03-04-01:35:01, 0
2026-03-04-01:40:01, 0
2026-03-04-01:45:01, 0
2026-03-04-01:50:01, 0
2026-03-04, null
2026-03-04T15:44:30Z, null
2026-03-04T15:55:01Z, 0
2026-03-04T16:00:01Z, 0
2026-03-04T16:05:01Z, 0
2026-03-04T16:10:01Z, null
2026-03-04T16:15:01Z, null
2026-03-04T16:20:01Z, null
2026-03-04T16:25:01Z, 0
2026-03-04T16:30:01Z, null
2026-03-04T16:35:01Z, null
2026-03-04T16:40:01Z, null
2026-03-04T16:45:01Z, null
2026-03-04T16:50:01Z, null
2026-03-04T16:55:01Z, null
2026-03-04T17:00:02Z, null
2026-03-04T17:05:01Z, null
2026-03-04T17:10:01Z, null
2026-03-04T17:15:01Z, null
2026-03-04T17:20:02Z, null
2026-03-04T17:25:01Z, null
2026-03-04T17:30:01Z, null
2026-03-04T17:35:01Z, 0
2026-03-04T17:40:01Z, null
2026-03-04T17:45:01Z, null
2026-03-04T17:50:01Z, null
2026-03-04T17:55:01Z, null
2026-03-04T18:00:01Z, null
2026-03-04T18:05:01Z, null
2026-03-04T18:10:01Z, 0
2026-03-04T18:15:01Z, 0
2026-03-04T18:20:01Z, 0
2026-03-04T18:25:01Z, null
2026-03-04T18:30:01Z, null
2026-03-04T18:35:01Z, null
2026-03-04T18:40:01Z, 0
2026-03-04T18:45:01Z, 0
2026-03-04T18:50:01Z, 0
2026-03-04T18:55:01Z, null
2026-03-04T19:00:01Z, null
2026-03-04T19:05:01Z, null
2026-03-04T19:10:01Z, 0
2026-03-04T19:15:01Z, null
2026-03-04T19:20:01Z, null
2026-03-04T19:25:02Z, 0
2026-03-04T19:30:01Z, 0
2026-03-04T19:35:01Z, null
2026-03-04T19:40:01Z, null
2026-03-04T19:45:01Z, null
2026-03-04T19:50:01Z, null
2026-03-04T19:55:01Z, 0
2026-03-04T20:00:01Z, null
2026-03-04T20:05:01Z, null
2026-03-04T20:10:01Z, 0
2026-03-04T20:15:01Z, null
2026-03-04T20:20:01Z, null
2026-03-04T20:25:01Z, 0
2026-03-04T20:30:01Z, null
2026-03-04T20:35:01Z, null
2026-03-04T20:40:01Z, 0
2026-03-04T20:45:01Z, null
2026-03-04T20:50:01Z, null
2026-03-04T20:55:01Z, null
2026-03-04T21:00:01Z, null
2026-03-04T21:05:01Z, null
2026-03-04T21:10:01Z, 0
2026-03-04T21:15:01Z, 0
2026-03-04T21:20:01Z, null
2026-03-04T21:25:01Z, null
2026-03-04T21:30:01Z, null
2026-03-04T21:35:01Z, 0
2026-03-04T21:40:01Z, 0
2026-03-04T21:45:01Z, null
2026-03-04T21:50:01Z, null
2026-03-04T21:55:01Z, null
2026-03-04T22:00:01Z, 0
2026-03-04T22:05:01Z, 0
2026-03-04T22:10:01Z, null
2026-03-04T22:15:01Z, null
2026-03-04T22:20:01Z, null
2026-03-04T22:25:01Z, 0
2026-03-04T22:30:01Z, null
2026-03-04T22:35:01Z, 0
2026-03-04T22:40:01Z, null
2026-03-04T22:45:01Z, null
2026-03-04T22:50:01Z, null
2026-03-04T22:55:01Z, 0
2026-03-04T23:00:01Z, 0
2026-03-04T23:05:01Z, 0
2026-03-04T23:10:01Z, 0
2026-03-04T23:15:01Z, null
2026-03-04T23:20:01Z, 0
2026-03-04T23:25:01Z, 0
2026-03-04T23:30:01Z, 0
2026-03-04T23:35:01Z, 0
2026-03-04T23:40:01Z, null
2026-03-04T23:45:01Z, 0
2026-03-04T23:50:01Z, 0
2026-03-04T23:55:01Z, 0
2026-03-05T00:00:01Z, null
2026-03-05T00:05:01Z, null
2026-03-05T00:10:01Z, 0
2026-03-05T00:15:01Z, 0
2026-03-05T00:20:01Z, 0
2026-03-05T00:25:01Z, 0
2026-03-05T00:30:01Z, 0
2026-03-05T00:35:01Z, 0
2026-03-05T00:40:01Z, 0
2026-03-05T00:45:01Z, 0
2026-03-05T00:50:01Z, 0
2026-03-05T00:55:01Z, 0
2026-03-05T01:00:01Z, 0
2026-03-05T01:05:01Z, 0
2026-03-05T01:10:01Z, 0
2026-03-05T01:15:01Z, 0
2026-03-05T01:20:01Z, null
2026-03-05T01:25:01Z, 0
2026-03-05T01:30:01Z, null
2026-03-05T01:35:01Z, 0
2026-03-05T01:40:01Z, 0
2026-03-05T01:45:01Z, 0
2026-03-05T01:50:01Z, 0
2026-03-05T01:55:01Z, 0
2026-03-05T02:00:01Z, 0
2026-03-05T02:05:01Z, 0
2026-03-05T02:10:01Z, 0
2026-03-05T02:15:01Z, 0
2026-03-05T02:20:01Z, 0
2026-03-05T02:25:01Z, null
2026-03-05T02:30:01Z, null
2026-03-05T02:35:01Z, null
2026-03-05T02:40:01Z, 0
2026-03-05T02:45:01Z, null
2026-03-05T02:50:01Z, null
2026-03-05T02:55:01Z, null
2026-03-05T03:00:01Z, null
2026-03-05T03:05:01Z, null
2026-03-05T03:10:01Z, null
2026-03-05T03:15:01Z, 0
2026-03-05T03:20:01Z, null
2026-03-05T03:25:01Z, null
2026-03-05T03:30:01Z, 0
2026-03-05T03:35:01Z, 0
2026-03-05T03:40:01Z, null
2026-03-05T03:45:01Z, null
2026-03-05T03:50:01Z, null
2026-03-05T03:55:01Z, 0
2026-03-05T04:00:01Z, 0
2026-03-05T04:05:01Z, 0
2026-03-05T04:10:01Z, null
2026-03-05T04:15:01Z, 0
2026-03-05T04:20:01Z, 0
2026-03-05T04:25:01Z, 0
2026-03-05T04:30:01Z, null
2026-03-05T04:35:01Z, 0
2026-03-05T04:40:01Z, 0
2026-03-05T04:45:01Z, 0
2026-03-05T04:50:01Z, null
2026-03-05T04:55:01Z, null
2026-03-05T05:00:01Z, null
2026-03-05T05:05:01Z, null
2026-03-05T05:10:01Z, null
2026-03-05T05:15:01Z, null
2026-03-05T05:20:01Z, null
2026-03-05T05:25:01Z, 0
2026-03-05T05:30:01Z, null
2026-03-05T05:35:01Z, null
2026-03-05T05:40:01Z, 0
2026-03-05T05:45:01Z, null
2026-03-05T05:50:01Z, null
2026-03-05T05:55:01Z, null
2026-03-05T06:00:01Z, null
2026-03-05T06:05:01Z, null
2026-03-05T06:10:01Z, null
2026-03-05T06:15:01Z, 0
2026-03-05T06:20:01Z, null
2026-03-05T06:25:01Z, null
2026-03-05T06:30:01Z, null
2026-03-05T06:35:01Z, 0
2026-03-05T06:40:01Z, null
2026-03-05T06:45:01Z, null
2026-03-05T06:50:01Z, null
2026-03-05T06:55:01Z, null
2026-03-05T07:00:01Z, null
2026-03-05T07:05:01Z, 0
2026-03-05T07:10:01Z, null
2026-03-05T07:15:01Z, null
2026-03-05T07:20:01Z, null
2026-03-05T07:25:01Z, 0
2026-03-05T07:30:01Z, null
2026-03-05T07:35:01Z, null
2026-03-05T07:40:01Z, 0
2026-03-05T07:45:01Z, 0
2026-03-05T07:50:01Z, null
2026-03-05T07:55:01Z, null
2026-03-05T08:00:01Z, null
2026-03-05T08:05:01Z, null
2026-03-05T08:10:01Z, 0
2026-03-05T08:15:01Z, null
2026-03-05T08:20:01Z, null
2026-03-05T08:25:01Z, null
2026-03-05T08:30:02Z, null
2026-03-05T08:35:01Z, null
2026-03-05T08:40:01Z, null
2026-03-05T08:45:01Z, null
2026-03-05T08:50:01Z, 0
2026-03-05T08:55:01Z, null
2026-03-05T09:00:01Z, null
2026-03-05T09:05:01Z, 0
2026-03-05T09:10:01Z, 0
2026-03-05T09:15:01Z, null
2026-03-05T09:20:01Z, 0
2026-03-05T09:25:01Z, 0
2026-03-05T09:30:01Z, null
2026-03-05T09:35:01Z, null
2026-03-05T09:40:01Z, null
2026-03-05T09:45:01Z, null
2026-03-05T09:50:01Z, null
2026-03-05T09:55:01Z, null
2026-03-05T10:00:01Z, null
2026-03-05T10:05:01Z, null
2026-03-05T10:10:01Z, null
2026-03-05T10:15:01Z, null
2026-03-05T10:20:01Z, null
2026-03-05T10:25:01Z, null
2026-03-05T10:30:01Z, null
2026-03-05T10:35:01Z, 0
2026-03-05T10:40:01Z, null
2026-03-05T10:45:01Z, null
2026-03-05T10:50:01Z, 0
2026-03-05T10:55:01Z, null
2026-03-05T11:00:01Z, null
2026-03-05T11:05:01Z, null
2026-03-05T11:10:01Z, null
2026-03-05T11:15:01Z, 0
2026-03-05T11:20:01Z, null
2026-03-05T11:25:01Z, 0
2026-03-05T11:30:01Z, 0
2026-03-05T11:35:01Z, null
2026-03-05T11:40:01Z, null
2026-03-05T11:45:01Z, 0
2026-03-05T11:50:01Z, 0
2026-03-05T11:55:01Z, null
2026-03-05T12:00:01Z, null
2026-03-05T12:05:01Z, 0
2026-03-05T12:10:01Z, null
2026-03-05T12:15:01Z, null
2026-03-05T12:20:02Z, 0
2026-03-05T12:25:01Z, null
2026-03-05T12:30:01Z, 0
2026-03-05T12:35:01Z, null
2026-03-05T12:40:01Z, null
2026-03-05T12:45:01Z, 0
2026-03-05T12:50:01Z, null
2026-03-05T12:55:01Z, null
2026-03-05T13:00:01Z, null
2026-03-05T13:05:01Z, null
2026-03-05T13:10:01Z, 0
2026-03-05T13:15:01Z, null
2026-03-05T13:20:01Z, null
2026-03-05T13:25:01Z, null
2026-03-05T13:30:01Z, null
2026-03-05T13:35:01Z, 0
2026-03-05T13:40:01Z, null
2026-03-05T13:45:01Z, 0
2026-03-05T13:50:01Z, null
2026-03-05T13:55:01Z, 0
2026-03-05T14:00:01Z, 0
2026-03-05T14:05:01Z, null
2026-03-05T14:10:01Z, 0
2026-03-05T14:15:01Z, null
2026-03-05T14:20:01Z, 0
2026-03-05T14:25:01Z, null
2026-03-05T14:30:01Z, null
2026-03-05T14:35:01Z, null
2026-03-05T14:40:01Z, null
2026-03-05T14:45:01Z, null
2026-03-05T14:50:01Z, 0
2026-03-05T14:55:01Z, null
2026-03-05T15:00:01Z, null
2026-03-05T15:05:01Z, null
2026-03-05T15:10:01Z, null
2026-03-05T15:15:01Z, 0
2026-03-05T15:20:01Z, null
2026-03-05T15:25:01Z, null
2026-03-05T15:30:01Z, null
2026-03-05T15:35:01Z, 0
2026-03-05T15:40:01Z, null
2026-03-05T15:45:01Z, null
2026-03-05T15:50:01Z, 0
2026-03-05T15:55:01Z, 0
2026-03-05T16:00:01Z, null
2026-03-05T16:05:01Z, 0
2026-03-05T16:10:01Z, 0
2026-03-05T16:15:01Z, 0
2026-03-05T16:20:01Z, null
2026-03-05T16:25:01Z, null
2026-03-05T16:30:01Z, null
2026-03-05T16:35:01Z, 0
2026-03-05T16:40:01Z, null
2026-03-05T16:45:01Z, null
2026-03-05T16:50:01Z, null
2026-03-05T16:55:01Z, null
2026-03-05T17:00:01Z, 0
2026-03-05T17:05:01Z, 0
2026-03-05T17:10:01Z, null
