2026-03-03-01:20:01, 14461592
2026-03-03-01:25:01, 14456525
2026-03-03-01:30:01, 14463091
2026-03-03-01:35:01, 14435408
2026-03-03-01:40:01, 12567798
2026-03-03-01:45:01, 14465578
2026-03-03-01:50:01, 14448522
2026-03-03-01:55:01, 14467219
2026-03-03-02:00:01, 14451863
2026-03-03-02:05:01, 12242536
2026-03-03-02:10:01, 14164420
2026-03-03-02:15:01, 14471013
2026-03-03-02:20:01, 13799890
2026-03-03-02:25:02, 14472620
2026-03-03-02:30:01, 13214834
2026-03-03-02:35:01, 13546526
2026-03-03-02:40:01, 14475285
2026-03-03-02:45:01, 14474100
2026-03-03-02:50:01, 14343119
2026-03-03-02:55:01, 14418533
2026-03-03-03:00:01, 13759720
2026-03-03-03:05:01, 14120302
2026-03-03-03:10:01, 14365232
2026-03-03-03:15:01, 14480842
2026-03-03-03:20:01, 14481722
2026-03-03-03:25:01, 14475532
2026-03-03-03:30:01, 14380965
2026-03-03-03:35:01, 13823990
2026-03-03-03:40:01, 14457671
2026-03-03-03:45:01, 14403078
2026-03-03-03:50:01, 14485176
2026-03-03-03:55:01, 13249492
2026-03-03-04:00:01, 14366891
2026-03-03-04:05:01, 14485482
2026-03-03-04:10:01, 14313385
2026-03-03-04:15:01, 14241853
2026-03-03-04:20:01, 14126063
2026-03-03-04:25:01, 13038337
2026-03-03-04:30:01, 14486195
2026-03-03-04:35:01, 14413873
2026-03-03-04:40:01, 11457666
2026-03-03-04:45:01, 14364365
2026-03-03-04:50:01, 12834354
2026-03-03-04:55:01, 14494274
2026-03-03-05:00:01, 14041844
2026-03-03-05:05:01, 14035262
2026-03-03-05:10:01, 14497866
2026-03-03-05:15:01, 14412548
2026-03-03-05:20:01, 14158105
2026-03-03-05:25:01, 14320751
2026-03-03-05:30:01, 13841882
2026-03-03-05:35:01, 14362895
2026-03-03-05:40:01, 14453317
2026-03-03-05:45:01, 13784724
2026-03-03-05:50:01, 14499328
2026-03-03-05:55:01, 14502126
2026-03-03-06:00:01, 14306278
2026-03-03-06:05:01, 12508920
2026-03-03-06:10:01, 13117496
2026-03-03-06:15:01, 14503262
2026-03-03-06:20:01, 14482560
2026-03-03-06:25:01, 12598160
2026-03-03-06:30:01, 14505318
2026-03-03-06:35:01, 14037011
2026-03-03-06:40:01, 14213230
2026-03-03-06:45:01, 14507047
2026-03-03-06:50:01, 13695976
2026-03-03-06:55:01, 12106525
2026-03-03-07:00:01, 14509347
2026-03-03-07:05:01, 13811340
2026-03-03-07:10:01, 14308780
2026-03-03-07:15:01, 14041330
2026-03-03-07:20:01, 14260860
2026-03-03-07:25:01, 14488038
2026-03-03-07:30:01, 14512456
2026-03-03-07:35:01, 14434153
2026-03-03-07:40:01, 14386658
2026-03-03-07:45:01, 14080790
2026-03-03-07:50:01, 14371448
2026-03-03-07:55:01, 14511334
2026-03-03-08:00:01, 14424008
2026-03-03-08:05:01, 14324138
2026-03-03-08:10:01, 14214082
2026-03-03-08:15:01, 13998824
2026-03-03-08:20:01, 14454665
2026-03-03-08:25:01, 13600372
2026-03-03-08:30:01, 14044110
2026-03-03-08:35:01, 12441986
2026-03-03-08:40:01, 14487142
2026-03-03-08:45:01, 13906740
2026-03-03-08:50:01, 9133075
2026-03-03-08:55:01, 11690485
2026-03-03-09:00:01, 14070620
2026-03-03-09:05:01, 14364876
2026-03-03-09:10:01, 12765498
2026-03-03-09:15:01, 14161756
2026-03-03-09:20:01, 13344822
2026-03-03-09:25:01, 13205656
2026-03-03-09:30:01, 4865647
2026-03-03-09:35:01, 14348772
2026-03-03-09:40:01, 10508252
2026-03-03-09:45:01, 13960225
2026-03-03-09:50:01, 12709119
2026-03-03-09:55:01, 13574784
2026-03-03-10:00:01, 14113779
2026-03-03-10:05:01, 11333056
2026-03-03-10:10:01, 10344814
2026-03-03-10:15:01, 13997761
2026-03-03-10:20:01, 14141236
2026-03-03-10:25:01, 11755600
2026-03-03-10:30:01, 11936165
2026-03-03-10:35:01, 12088809
2026-03-03-10:40:01, 10708642
2026-03-03-10:45:01, 12871269
2026-03-03-10:50:01, 14441679
2026-03-03-10:55:01, 14191364
2026-03-03-11:00:01, 9454344
2026-03-03-11:05:01, 11396129
2026-03-03-11:10:01, 10315935
2026-03-03-11:15:01, 14543718
2026-03-03-11:20:01, 11039771
2026-03-03-11:25:01, 10119385
2026-03-03-11:30:01, 13770517
2026-03-03-11:35:01, 14046629
2026-03-03-11:40:01, 13580307
2026-03-03-11:45:01, 9415744
2026-03-03-11:50:01, 11693712
2026-03-03-11:55:01, 13538519
2026-03-03-12:00:01, 13437174
2026-03-03-12:05:01, 14550124
2026-03-03-12:10:01, 14462054
2026-03-03-12:15:01, 11828662
2026-03-03-12:20:01, 14280190
2026-03-03-12:25:02, 14489156
2026-03-03-12:30:01, 14232495
2026-03-03-12:35:01, 12819196
2026-03-03-12:40:01, 14184937
2026-03-03-12:45:01, 14338435
2026-03-03-12:50:01, 12572796
2026-03-03-12:55:01, 14047640
2026-03-03-13:00:01, 11746851
2026-03-03-13:05:01, 14013733
2026-03-03-13:10:01, 12769180
2026-03-03-13:15:01, 14476838
2026-03-03-13:20:01, 14532850
2026-03-03-13:25:01, 13893012
2026-03-03-13:30:01, 14524839
2026-03-03-13:35:01, 14261614
2026-03-03-13:40:01, 9592367
2026-03-03-13:45:01, 14448700
2026-03-03-13:50:01, 14116147
2026-03-03-13:55:01, 13173194
2026-03-03-14:00:01, 14499994
2026-03-03-14:05:01, 13325121
2026-03-03-14:10:01, 14477437
2026-03-03-14:15:01, 13829238
2026-03-03-14:20:01, 13120026
2026-03-03-14:25:01, 14530055
2026-03-03-14:30:01, 14533318
2026-03-03-14:35:01, 11500461
2026-03-03-14:40:01, 14464733
2026-03-03-14:45:01, 14112761
2026-03-03-14:50:01, 12764095
2026-03-03-14:55:01, 12282027
2026-03-03-15:00:01, 13005821
2026-03-03-15:05:01, 14093027
2026-03-03-15:10:01, 13826745
2026-03-03-15:15:01, 14580172
2026-03-03-15:20:01, 11324081
2026-03-03-15:25:01, 14440635
2026-03-03-15:30:01, 11408046
2026-03-03-15:35:01, 10604557
2026-03-03-15:40:01, 12308486
2026-03-03-15:45:01, 9761593
2026-03-03-15:50:01, 14027997
2026-03-03-15:55:01, 11645099
2026-03-03-16:00:01, 14236201
2026-03-03-16:05:01, 10967466
2026-03-03-16:10:01, 13789132
2026-03-03-16:15:01, 14591688
2026-03-03-16:20:01, 14504926
2026-03-03-16:25:01, 12826812
2026-03-03-16:30:01, 12942593
2026-03-03-16:35:01, 11200445
2026-03-03-16:40:01, 13932713
2026-03-03-16:45:01, 11077714
2026-03-03-16:50:01, 13240093
2026-03-03-16:55:01, 13009676
2026-03-03-17:00:01, 13481668
2026-03-03-17:05:01, 13339737
2026-03-03-17:10:01, 12192412
2026-03-03-17:15:01, 8772353
2026-03-03-17:20:01, 13055080
2026-03-03-17:25:01, 14403949
2026-03-03-17:30:01, 14236280
2026-03-03-17:35:01, 13446783
2026-03-03-17:40:01, 14561135
2026-03-03-17:45:01, 14311159
2026-03-03-17:50:01, 14329235
2026-03-03-17:55:01, 13939031
2026-03-03-18:00:01, 9178721
2026-03-03-18:05:01, 13891042
2026-03-03-18:10:01, 14233142
2026-03-03-18:15:01, 14483143
2026-03-03-18:20:01, 13527803
2026-03-03-18:25:01, 14607846
2026-03-03-18:30:01, 14508168
2026-03-03-18:35:01, 14584801
2026-03-03-18:40:01, 14462803
2026-03-03-18:45:01, 14196528
2026-03-03-18:50:01, 10616507
2026-03-03-18:55:01, 12397327
2026-03-03-19:00:01, 14625938
2026-03-03-19:05:01, 14569381
2026-03-03-19:10:01, 13634959
2026-03-03-19:15:01, 13278816
2026-03-03-19:20:01, 12761743
2026-03-03-19:25:01, 14602382
2026-03-03-19:30:01, 14498062
2026-03-03-19:35:01, 14633729
2026-03-03-19:40:01, 14603585
2026-03-03-19:45:01, 14625629
2026-03-03-19:50:01, 14605952
2026-03-03-19:55:01, 14400083
2026-03-03-20:00:01, 13794359
2026-03-03-20:05:01, 14183118
2026-03-03-20:10:01, 9542050
2026-03-03-20:15:01, 14016131
2026-03-03-20:20:01, 10855136
2026-03-03-20:25:01, 14533804
2026-03-03-20:30:01, 14542761
2026-03-03-20:35:01, 14590363
2026-03-03-20:40:01, 14531003
2026-03-03-20:45:01, 13816510
2026-03-03-20:50:01, 14359361
2026-03-03-20:55:01, 13280988
2026-03-03-21:00:02, 13741067
2026-03-03-21:05:01, 14600607
2026-03-03-21:10:01, 14081691
2026-03-03-21:15:01, 14601842
2026-03-03-21:20:01, 8678037
2026-03-03-21:25:01, 12118343
2026-03-03-21:30:01, 14197076
2026-03-03-21:35:01, 14600596
2026-03-03-21:40:01, 11816807
2026-03-03-21:45:01, 13945333
2026-03-03-21:50:01, 10369224
2026-03-03-21:55:01, 14394895
2026-03-03-22:00:01, 14430460
2026-03-03-22:05:01, 12459659
2026-03-03-22:10:01, 14656984
2026-03-03-22:15:01, 14448299
2026-03-03-22:20:01, 13205643
2026-03-03-22:25:01, 10888732
2026-03-03-22:26:46, 14672916
2026-03-03-22:30:01, 14673776
2026-03-03-22:35:01, 13883708
2026-03-03-22:40:01, 14616176
2026-03-03-22:45:01, 14663920
2026-03-03-22:50:01, 14677455
2026-03-03-22:55:01, 14615039
2026-03-03-23:00:01, 14604579
2026-03-03-23:05:01, 13113412
2026-03-03-23:10:01, 11725450
2026-03-03-23:15:01, 14679475
2026-03-03-23:20:01, 10596203
2026-03-03-23:25:01, 13648522
2026-03-03-23:30:01, 14074171
2026-03-03-23:35:01, 13987999
2026-03-03-23:40:01, 13640449
2026-03-03-23:45:01, 14674979
2026-03-03-23:50:01, 14690216
2026-03-03-23:55:01, 14691191
2026-03-04-00:00:01, 14646405
2026-03-04-00:05:01, 14313251
2026-03-04-00:10:01, 14693497
2026-03-04-00:15:01, 14580569
2026-03-04-00:20:01, 14555582
2026-03-04-00:25:01, 12748556
2026-03-04-00:30:01, 14308848
2026-03-04-00:35:01, 14600550
2026-03-04-00:40:01, 14692428
2026-03-04-00:45:01, 14364690
2026-03-04-00:50:01, 14607295
2026-03-04-00:55:01, 14634157
2026-03-04-01:00:01, 14544513
2026-03-04-01:05:01, 13384006
2026-03-04-01:08:16, 14698168
2026-03-04-01:10:01, 14636701
2026-03-04-01:15:01, 12542957
2026-03-04-01:20:01, 10902299
2026-03-04-01:25:01, 13307273
2026-03-04-01:30:01, 14458851
2026-03-04-01:35:01, 14349827
2026-03-04-01:40:01, 12153158
2026-03-04-01:45:01, 13384103
2026-03-04-01:50:01, 12050080
2026-03-04T15:44:30Z, 11596583
2026-03-04T15:55:01Z, 11650947
2026-03-04T16:00:01Z, 10126256
2026-03-04T16:05:01Z, 10694817
2026-03-04T16:10:01Z, 6295660
2026-03-04T16:15:01Z, 10286041
2026-03-04T16:20:01Z, 7396458
2026-03-04T16:25:01Z, 11156570
2026-03-04T16:30:01Z, 9463716
2026-03-04T16:35:01Z, 13790670
2026-03-04T16:40:01Z, 10958907
2026-03-04T16:45:01Z, 7571729
2026-03-04T16:50:01Z, 8056485
2026-03-04T16:55:01Z, 6323401
2026-03-04T17:00:02Z, 6606566
2026-03-04T17:05:01Z, 7054601
2026-03-04T17:10:01Z, 9527042
2026-03-04T17:15:01Z, 9463957
2026-03-04T17:20:02Z, 9918914
2026-03-04T17:25:01Z, 10650981
2026-03-04T17:30:01Z, 8870950
2026-03-04T17:35:01Z, 12681634
2026-03-04T17:40:01Z, 12595472
2026-03-04T17:45:01Z, 8722588
2026-03-04T17:50:01Z, 10801181
2026-03-04T17:55:01Z, 7321210
2026-03-04T18:00:01Z, 4461195
2026-03-04T18:05:01Z, 8543941
2026-03-04T18:10:01Z, 6031358
2026-03-04T18:15:01Z, 9599029
2026-03-04T18:20:01Z, 13012026
2026-03-04T18:25:01Z, 11417884
2026-03-04T18:30:01Z, 12182334
2026-03-04T18:35:01Z, 9137217
2026-03-04T18:40:01Z, 13035447
2026-03-04T18:45:01Z, 12846304
2026-03-04T18:50:01Z, 11866223
2026-03-04T18:55:01Z, 2690817
2026-03-04T19:00:01Z, 4932440
2026-03-04T19:05:01Z, 12700127
2026-03-04T19:10:01Z, 12190000
2026-03-04T19:15:01Z, 7317679
2026-03-04T19:20:01Z, 8447138
2026-03-04T19:25:02Z, 11949017
2026-03-04T19:30:01Z, 13722348
2026-03-04T19:35:01Z, 12359555
2026-03-04T19:40:01Z, 11856828
2026-03-04T19:45:01Z, 13098101
2026-03-04T19:50:01Z, 11040080
2026-03-04T19:55:01Z, 11417320
2026-03-04T20:00:01Z, 9075830
2026-03-04T20:05:01Z, 12204031
2026-03-04T20:10:01Z, 12849049
2026-03-04T20:15:01Z, 7983112
2026-03-04T20:20:01Z, 11991453
2026-03-04T20:25:01Z, 12210083
2026-03-04T20:30:01Z, 13033020
2026-03-04T20:35:01Z, 10829243
2026-03-04T20:40:01Z, 11933017
2026-03-04T20:45:01Z, 12166197
2026-03-04T20:50:01Z, 11408292
2026-03-04T20:55:01Z, 9095364
2026-03-04T21:00:01Z, 11446408
2026-03-04T21:05:01Z, 7612412
2026-03-04T21:10:01Z, 10693244
2026-03-04T21:15:01Z, 8717727
2026-03-04T21:20:01Z, 11957258
2026-03-04T21:25:01Z, 14048591
2026-03-04T21:30:01Z, 11595239
2026-03-04T21:35:01Z, 12878283
2026-03-04T21:40:01Z, 12237666
2026-03-04T21:45:01Z, 10498855
2026-03-04T21:50:01Z, 13618978
2026-03-04T21:55:01Z, 12408248
2026-03-04T22:00:01Z, 9369988
2026-03-04T22:05:01Z, 13540727
2026-03-04T22:10:01Z, 9853746
2026-03-04T22:15:01Z, 10265322
2026-03-04T22:20:01Z, 11075452
2026-03-04T22:25:01Z, 12558422
2026-03-04T22:30:01Z, 10931807
2026-03-04T22:35:01Z, 11711137
2026-03-04T22:40:01Z, 7982897
2026-03-04T22:45:01Z, 14297913
2026-03-04T22:50:01Z, 12954788
2026-03-04T22:55:01Z, 11696057
2026-03-04T23:00:01Z, 11822970
2026-03-04T23:05:01Z, 12223093
2026-03-04T23:10:01Z, 13209066
2026-03-04T23:15:01Z, 12196310
2026-03-04T23:20:01Z, 14175611
2026-03-04T23:25:01Z, 12211044
2026-03-04T23:30:01Z, 12694627
2026-03-04T23:35:01Z, 13654782
2026-03-04T23:40:01Z, 13019784
2026-03-04T23:45:01Z, 13720968
2026-03-04T23:50:01Z, 14088371
2026-03-04T23:55:01Z, 10996845
2026-03-05T00:00:01Z, 13536121
2026-03-05T00:05:01Z, 13627341
2026-03-05T00:10:01Z, 12621008
2026-03-05T00:15:01Z, 13395708
2026-03-05T00:20:01Z, 14351041
2026-03-05T00:25:01Z, 10875481
2026-03-05T00:30:01Z, 12771411
2026-03-05T00:35:01Z, 12723366
2026-03-05T00:40:01Z, 13354549
2026-03-05T00:45:01Z, 7098858
2026-03-05T00:50:01Z, 13973805
2026-03-05T00:55:01Z, 12592551
2026-03-05T01:00:01Z, 12671441
2026-03-05T01:05:01Z, 7718613
2026-03-05T01:10:01Z, 13922120
2026-03-05T01:15:01Z, 11360174
2026-03-05T01:20:01Z, 11220289
2026-03-05T01:25:01Z, 11249203
2026-03-05T01:30:01Z, 9061941
2026-03-05T01:35:01Z, 12963470
2026-03-05T01:40:01Z, 12250591
2026-03-05T01:45:01Z, 12407177
2026-03-05T01:50:01Z, 11683246
2026-03-05T01:55:01Z, 12409326
2026-03-05T02:00:01Z, 8151978
2026-03-05T02:05:01Z, 11078113
2026-03-05T02:10:01Z, 8499054
2026-03-05T02:15:01Z, 12218090
2026-03-05T02:20:01Z, 12825350
2026-03-05T02:25:01Z, 11596374
2026-03-05T02:30:01Z, 12287360
2026-03-05T02:35:01Z, 11596674
2026-03-05T02:40:01Z, 13354321
2026-03-05T02:45:01Z, 12425914
2026-03-05T02:50:01Z, 12312020
2026-03-05T02:55:01Z, 6187376
2026-03-05T03:00:01Z, 12046702
2026-03-05T03:05:01Z, 8517874
2026-03-05T03:10:01Z, 10620512
2026-03-05T03:15:01Z, 10146279
2026-03-05T03:20:01Z, 12461726
2026-03-05T03:25:01Z, 7038638
2026-03-05T03:30:01Z, 13546725
2026-03-05T03:35:01Z, 8634317
2026-03-05T03:40:01Z, 13102006
2026-03-05T03:45:01Z, 11533570
2026-03-05T03:50:01Z, 12466676
2026-03-05T03:55:01Z, 9745780
2026-03-05T04:00:01Z, 12118776
2026-03-05T04:05:01Z, 12018493
2026-03-05T04:10:01Z, 13081513
2026-03-05T04:15:01Z, 12380983
2026-03-05T04:20:01Z, 12762192
2026-03-05T04:25:01Z, 11654963
2026-03-05T04:30:01Z, 6784517
2026-03-05T04:35:01Z, 12803170
2026-03-05T04:40:01Z, 12695673
2026-03-05T04:45:01Z, 12969560
2026-03-05T04:50:01Z, 5825492
2026-03-05T04:55:01Z, 11352217
2026-03-05T05:00:01Z, 9775352
2026-03-05T05:05:01Z, 12092627
2026-03-05T05:10:01Z, 8666726
2026-03-05T05:15:01Z, 11344666
2026-03-05T05:20:01Z, 6273859
2026-03-05T05:25:01Z, 13134901
2026-03-05T05:30:01Z, 6859433
2026-03-05T05:35:01Z, 12067595
2026-03-05T05:40:01Z, 12180737
2026-03-05T05:45:01Z, 6081666
2026-03-05T05:50:01Z, 12669124
2026-03-05T05:55:01Z, 8581008
2026-03-05T06:00:01Z, 9737560
2026-03-05T06:05:01Z, 10277437
2026-03-05T06:10:01Z, 8645175
2026-03-05T06:15:01Z, 11435137
2026-03-05T06:20:01Z, 13013447
2026-03-05T06:25:01Z, 12135922
2026-03-05T06:30:01Z, 8362580
2026-03-05T06:35:01Z, 13448453
2026-03-05T06:40:01Z, 12445754
2026-03-05T06:45:01Z, 12862397
2026-03-05T06:50:01Z, 12946539
2026-03-05T06:55:01Z, 8187080
2026-03-05T07:00:01Z, 8249506
2026-03-05T07:05:01Z, 11396613
2026-03-05T07:10:01Z, 8845063
2026-03-05T07:15:01Z, 9217506
2026-03-05T07:20:01Z, 7073632
2026-03-05T07:25:01Z, 9933536
2026-03-05T07:30:01Z, 5216786
2026-03-05T07:35:01Z, 13660155
2026-03-05T07:40:01Z, 12051412
2026-03-05T07:45:01Z, 11946677
2026-03-05T07:50:01Z, 8324917
2026-03-05T07:55:01Z, 9619126
2026-03-05T08:00:01Z, 9329767
2026-03-05T08:05:01Z, 7936446
2026-03-05T08:10:01Z, 6947633
2026-03-05T08:15:01Z, 6569981
2026-03-05T08:20:01Z, 11850316
2026-03-05T08:25:01Z, 6530922
2026-03-05T08:30:02Z, 10114139
2026-03-05T08:35:01Z, 12782025
2026-03-05T08:40:01Z, 11906216
2026-03-05T08:45:01Z, 7696511
2026-03-05T08:50:01Z, 4597949
2026-03-05T08:55:01Z, 7088504
2026-03-05T09:00:01Z, 9219686
2026-03-05T09:05:01Z, 9773574
2026-03-05T09:10:01Z, 12827175
2026-03-05T09:15:01Z, 8590858
2026-03-05T09:20:01Z, 12643994
2026-03-05T09:25:01Z, 12178904
2026-03-05T09:30:01Z, 6758023
2026-03-05T09:35:01Z, 6320278
2026-03-05T09:40:01Z, 6840285
2026-03-05T09:45:01Z, 5922929
2026-03-05T09:50:01Z, 9467881
2026-03-05T09:55:01Z, 5838243
2026-03-05T10:00:01Z, 10981230
2026-03-05T10:05:01Z, 7112406
2026-03-05T10:10:01Z, 9039990
2026-03-05T10:15:01Z, 10321977
2026-03-05T10:20:01Z, 10611000
2026-03-05T10:25:01Z, 5736604
2026-03-05T10:30:01Z, 10502542
2026-03-05T10:35:01Z, 10271540
2026-03-05T10:40:01Z, 9783917
2026-03-05T10:45:01Z, 12843489
2026-03-05T10:50:01Z, 10314381
2026-03-05T10:55:01Z, 11759133
2026-03-05T11:00:01Z, 11659630
2026-03-05T11:05:01Z, 12558233
2026-03-05T11:10:01Z, 13820055
2026-03-05T11:15:01Z, 11843748
2026-03-05T11:20:01Z, 12315503
2026-03-05T11:25:01Z, 11727291
2026-03-05T11:30:01Z, 9838866
2026-03-05T11:35:01Z, 7811027
2026-03-05T11:40:01Z, 9795883
2026-03-05T11:45:01Z, 14284262
2026-03-05T11:50:01Z, 13548810
2026-03-05T11:55:01Z, 12863131
2026-03-05T12:00:01Z, 11586051
2026-03-05T12:05:01Z, 8208407
2026-03-05T12:10:01Z, 13338725
2026-03-05T12:15:01Z, 9651228
2026-03-05T12:20:02Z, 11057698
2026-03-05T12:25:01Z, 6447663
2026-03-05T12:30:01Z, 10562668
2026-03-05T12:35:01Z, 8243615
2026-03-05T12:40:01Z, 8581592
2026-03-05T12:45:01Z, 12406590
2026-03-05T12:50:01Z, 11690893
2026-03-05T12:55:01Z, 10242213
2026-03-05T13:00:01Z, 11812618
2026-03-05T13:05:01Z, 9633263
2026-03-05T13:10:01Z, 11624729
2026-03-05T13:15:01Z, 11813981
2026-03-05T13:20:01Z, 11302310
2026-03-05T13:25:01Z, 7345652
2026-03-05T13:30:01Z, 8996306
2026-03-05T13:35:01Z, 12706034
2026-03-05T13:40:01Z, 13144700
2026-03-05T13:45:01Z, 12469622
2026-03-05T13:50:01Z, 11903928
2026-03-05T13:55:01Z, 8207305
2026-03-05T14:00:01Z, 12039514
2026-03-05T14:05:01Z, 8989049
2026-03-05T14:10:01Z, 11893143
2026-03-05T14:15:01Z, 6154791
2026-03-05T14:20:01Z, 8664259
2026-03-05T14:25:01Z, 11541560
2026-03-05T14:30:01Z, 5676920
2026-03-05T14:35:01Z, 8721777
2026-03-05T14:40:01Z, 8628460
2026-03-05T14:45:01Z, 5397952
2026-03-05T14:50:01Z, 11853878
2026-03-05T14:55:01Z, 10691000
2026-03-05T15:00:01Z, 11371766
2026-03-05T15:05:01Z, 10176958
2026-03-05T15:10:01Z, 8864785
2026-03-05T15:15:01Z, 12126374
2026-03-05T15:20:01Z, 6373373
2026-03-05T15:25:01Z, 11364600
2026-03-05T15:30:01Z, 6587238
2026-03-05T15:35:01Z, 11849447
2026-03-05T15:40:01Z, 8138226
2026-03-05T15:45:01Z, 5223068
2026-03-05T15:50:01Z, 8237637
2026-03-05T15:55:01Z, 8996653
2026-03-05T16:00:01Z, 7112454
2026-03-05T16:05:01Z, 11664323
2026-03-05T16:10:01Z, 10851338
2026-03-05T16:15:01Z, 10404146
2026-03-05T16:20:01Z, 9458033
2026-03-05T16:25:01Z, 10625647
2026-03-05T16:30:01Z, 4595493
2026-03-05T16:35:01Z, 13359488
2026-03-05T16:40:01Z, 10366806
2026-03-05T16:45:01Z, 10439878
2026-03-05T16:50:01Z, 7429867
2026-03-05T16:55:01Z, 12207958
2026-03-05T17:00:01Z, 
2026-03-05T17:05:01Z, 11186744
2026-03-05T17:10:01Z, 10866915
2026-03-05T17:15:01Z, 11354672
2026-03-05T17:20:01Z, 13531288
2026-03-05T17:25:01Z, 11826567
2026-03-05T17:30:01Z, 8321876
2026-03-05T17:35:01Z, 9888160
2026-03-05T17:40:01Z, 13535280
2026-03-05T17:45:01Z, 8375722
2026-03-05T17:50:01Z, 9158132
2026-03-05T17:55:01Z, 8387412
2026-03-05T18:00:01Z, 13550387
2026-03-05T18:05:01Z, 11055296
2026-03-05T18:10:01Z, 11035058
2026-03-05T18:15:01Z, 13988582
2026-03-05T18:20:01Z, 12297188
2026-03-05T18:25:02Z, 10499434
2026-03-05T18:30:01Z, 12849720
2026-03-05T18:35:01Z, 13181501
2026-03-05T18:40:01Z, 7052708
2026-03-05T18:45:01Z, 7857660
2026-03-05T18:50:01Z, 9663731
2026-03-05T18:55:01Z, 5282629
2026-03-05T19:00:01Z, 12448158
2026-03-05T19:05:02Z, 11883948
2026-03-05T19:10:01Z, 13958213
2026-03-05T19:15:01Z, 13097428
2026-03-05T19:20:01Z, 9960841
2026-03-05T19:25:01Z, 7577733
2026-03-05T19:30:01Z, 13296315
2026-03-05T19:35:01Z, 12958478
2026-03-05T19:40:01Z, 12510794
2026-03-05T19:45:01Z, 7676062
2026-03-05T19:50:01Z, 12368185
2026-03-05T19:55:01Z, 11069850
2026-03-05T20:00:01Z, 13694233
2026-03-05T20:05:01Z, 9456527
2026-03-05T20:10:01Z, 11088643
2026-03-05T20:15:01Z, 8233885
2026-03-05T20:20:01Z, 7808935
2026-03-05T20:25:01Z, 8654831
2026-03-05T20:30:01Z, 10876911
2026-03-05T20:35:01Z, 13773690
2026-03-05T20:40:01Z, 11234040
2026-03-05T20:45:01Z, 5668930
2026-03-05T20:50:01Z, 6673394
2026-03-05T20:55:01Z, 11958558
2026-03-05T21:00:01Z, 13634285
2026-03-05T21:05:01Z, 13483248
2026-03-05T21:10:01Z, 14035604
2026-03-05T21:15:01Z, 12283726
2026-03-05T21:20:01Z, 14336202
2026-03-05T21:25:01Z, 10382383
2026-03-05T21:30:01Z, 10560537
2026-03-05T21:35:01Z, 14313809
2026-03-05T21:40:01Z, 13864631
2026-03-05T21:45:01Z, 13674796
2026-03-05T21:50:01Z, 12728332
2026-03-05T21:55:01Z, 13008989
2026-03-05T22:00:01Z, 10964526
2026-03-05T22:05:01Z, 13319119
2026-03-05T22:10:01Z, 11773452
2026-03-05T22:15:01Z, 12939447
2026-03-05T22:20:01Z, 10014074
2026-03-05T22:25:01Z, 13845822
2026-03-05T22:30:01Z, 13366611
2026-03-05T22:35:01Z, 13629311
2026-03-05T22:40:01Z, 11433871
2026-03-05T22:45:01Z, 13479838
2026-03-05T22:50:01Z, 12673273
2026-03-05T22:55:01Z, 13917986
2026-03-05T23:00:01Z, 13463311
2026-03-05T23:05:01Z, 14028254
2026-03-05T23:10:01Z, 10179605
2026-03-05T23:15:01Z, 13664631
2026-03-05T23:20:01Z, 14229519
2026-03-05T23:25:01Z, 13729138
2026-03-05T23:30:01Z, 13780287
2026-03-05T23:35:01Z, 12801485
2026-03-05T23:40:01Z, 13900259
2026-03-05T23:45:01Z, 12892273
2026-03-05T23:50:01Z, 12467028
2026-03-05T23:55:01Z, 11422504
2026-03-06T00:00:01Z, 13846101
2026-03-06T00:05:01Z, 13161491
2026-03-06T00:10:01Z, 13474444
2026-03-06T00:15:01Z, 13655278
2026-03-06T00:20:01Z, 10842167
2026-03-06T00:25:01Z, 14051261
2026-03-06T00:30:01Z, 8367061
2026-03-06T00:35:01Z, 10529903
2026-03-06T00:40:01Z, 11801733
2026-03-06T00:45:01Z, 11924091
2026-03-06T00:50:01Z, 13749262
2026-03-06T00:55:01Z, 11986917
2026-03-06T01:00:01Z, 12724267
2026-03-06T01:05:01Z, 11694059
2026-03-06T01:10:01Z, 13449104
2026-03-06T01:15:01Z, 13436531
2026-03-06T01:20:01Z, 9335277
2026-03-06T01:25:01Z, 11598637
2026-03-06T01:30:01Z, 10194186
2026-03-06T01:35:01Z, 6395819
2026-03-06T01:40:01Z, 13819298
2026-03-06T01:45:01Z, 7985961
2026-03-06T01:50:01Z, 12704479
2026-03-06T01:55:01Z, 13287430
2026-03-06T02:00:01Z, 12059600
2026-03-06T02:05:01Z, 9783837
2026-03-06T02:10:01Z, 12953417
2026-03-06T02:15:01Z, 11954062
2026-03-06T02:20:01Z, 9881328
2026-03-06T02:25:01Z, 11940121
2026-03-06T02:30:01Z, 8713586
2026-03-06T02:35:01Z, 10488846
2026-03-06T02:40:01Z, 9410782
2026-03-06T02:45:01Z, 10791239
2026-03-06T02:50:01Z, 6649622
2026-03-06T02:55:01Z, 9828190
2026-03-06T03:00:01Z, 14177305
2026-03-06T03:05:01Z, 13521401
2026-03-06T03:10:01Z, 11341208
2026-03-06T03:15:01Z, 12435846
2026-03-06T03:20:01Z, 11174018
2026-03-06T03:25:01Z, 10407541
2026-03-06T03:30:01Z, 8347171
2026-03-06T03:35:01Z, 5642275
2026-03-06T03:40:01Z, 13326361
2026-03-06T03:45:01Z, 9938647
2026-03-06T03:50:01Z, 8831034
2026-03-06T03:55:01Z, 13237112
2026-03-06T04:00:01Z, 11450373
2026-03-06T04:05:01Z, 11902673
2026-03-06T04:10:01Z, 13501102
2026-03-06T04:15:01Z, 13117107
2026-03-06T04:20:01Z, 12045227
2026-03-06T04:25:01Z, 13845041
2026-03-06T04:30:01Z, 12789231
2026-03-06T04:35:01Z, 13248745
2026-03-06T04:40:01Z, 11692863
2026-03-06T04:45:01Z, 12321692
2026-03-06T04:50:01Z, 10749626
2026-03-06T04:55:01Z, 13217678
2026-03-06T05:00:01Z, 7690151
2026-03-06T05:05:01Z, 13100463
2026-03-06T05:10:01Z, 13635097
2026-03-06T05:15:01Z, 14054410
2026-03-06T05:20:01Z, 12496715
2026-03-06T05:25:01Z, 13124528
2026-03-06T05:30:01Z, 8058102
2026-03-06T05:35:01Z, 8134571
2026-03-06T05:40:01Z, 11601284
2026-03-06T05:45:01Z, 11870212
2026-03-06T05:50:01Z, 5900860
2026-03-06T05:55:01Z, 12033505
2026-03-06T06:00:02Z, 11249046
2026-03-06T06:05:01Z, 7454944
2026-03-06T06:10:01Z, 11315037
2026-03-06T06:15:02Z, 12762268
2026-03-06T06:20:01Z, 11743686
2026-03-06T06:25:01Z, 12987831
2026-03-06T06:30:01Z, 8761271
2026-03-06T06:35:01Z, 11617443
2026-03-06T06:40:01Z, 12869551
2026-03-06T06:45:01Z, 10462655
2026-03-06T06:50:01Z, 10920229
2026-03-06T06:55:01Z, 5796471
2026-03-06T07:00:01Z, 12237331
2026-03-06T07:05:01Z, 10809438
2026-03-06T07:10:01Z, 10876867
2026-03-06T07:15:01Z, 10656212
2026-03-06T07:20:01Z, 11599053
2026-03-06T07:25:01Z, 10466999
2026-03-06T07:30:01Z, 11205372
2026-03-06T07:35:01Z, 11770906
2026-03-06T07:40:01Z, 7594447
2026-03-06T07:45:01Z, 13061167
2026-03-06T07:50:01Z, 8493343
2026-03-06T07:55:01Z, 11100656
2026-03-06T08:00:01Z, 12269800
2026-03-06T08:05:01Z, 11605318
2026-03-06T08:10:01Z, 6873117
2026-03-06T08:15:01Z, 7681883
2026-03-06T08:20:01Z, 11634622
2026-03-06T08:25:01Z, 11138717
2026-03-06T08:30:01Z, 10371094
2026-03-06T08:35:01Z, 10819568
2026-03-06T08:40:01Z, 13404220
2026-03-06T08:45:01Z, 10844793
2026-03-06T08:50:02Z, 10178528
2026-03-06T08:55:01Z, 12451206
2026-03-06T09:00:01Z, 12836935
2026-03-06T09:05:01Z, 13345654
2026-03-06T09:10:01Z, 12575722
2026-03-06T09:15:01Z, 11219244
2026-03-06T09:20:01Z, 9007901
2026-03-06T09:25:01Z, 8195133
2026-03-06T09:30:01Z, 9575827
2026-03-06T09:35:01Z, 8094698
2026-03-06T09:40:01Z, 8615549
2026-03-06T09:45:01Z, 12413070
2026-03-06T09:50:01Z, 11633089
2026-03-06T09:55:01Z, 9304703
2026-03-06T10:00:01Z, 12962773
2026-03-06T10:05:01Z, 9088123
2026-03-06T10:10:01Z, 10415846
2026-03-06T10:15:01Z, 11229636
2026-03-06T10:20:01Z, 12631637
2026-03-06T10:25:01Z, 10684816
2026-03-06T10:30:01Z, 13361250
2026-03-06T10:35:01Z, 14099289
2026-03-06T10:40:01Z, 9263529
2026-03-06T10:45:01Z, 10905449
2026-03-06T10:50:01Z, 10989430
2026-03-06T10:55:01Z, 9531244
2026-03-06T11:00:01Z, 7032653
2026-03-06T11:05:01Z, 6620698
2026-03-06T11:10:01Z, 8392776
2026-03-06T11:15:01Z, 7980877
2026-03-06T11:20:01Z, 6619273
2026-03-06T11:25:01Z, 13171168
2026-03-06T11:30:01Z, 11917317
2026-03-06T11:35:01Z, 11140910
2026-03-06T11:40:01Z, 8985088
2026-03-06T11:45:01Z, 5952846
2026-03-06T11:50:01Z, 11499510
2026-03-06T11:55:01Z, 7551439
2026-03-06T12:00:01Z, 8589717
2026-03-06T12:05:01Z, 13375248
2026-03-06T12:10:01Z, 11895954
2026-03-06T12:15:01Z, 12187491
2026-03-06T12:20:01Z, 11889702
2026-03-06T12:25:01Z, 12544081
2026-03-06T12:30:01Z, 12659755
2026-03-06T12:35:01Z, 7984465
2026-03-06T12:40:01Z, 12180160
2026-03-06T12:45:01Z, 10070649
2026-03-06T12:50:01Z, 6938614
2026-03-06T12:55:01Z, 9809632
2026-03-06T13:00:01Z, 12801826
2026-03-06T13:05:01Z, 13953677
2026-03-06T13:10:01Z, 8693431
2026-03-06T13:15:01Z, 14332067
2026-03-06T13:20:01Z, 7669015
2026-03-06T13:25:01Z, 7825016
2026-03-06T13:30:01Z, 7198607
2026-03-06T13:35:01Z, 5860484
2026-03-06T13:40:01Z, 10791191
2026-03-06T13:45:01Z, 12202572
2026-03-06T13:50:01Z, 10756967
2026-03-06T13:55:01Z, 13940838
2026-03-06T14:00:01Z, 11298505
2026-03-06T14:05:01Z, 12370366
2026-03-06T14:10:01Z, 5472128
2026-03-06T14:15:01Z, 7528941
2026-03-06T14:20:01Z, 6702440
2026-03-06T14:25:01Z, 11529471
2026-03-06T14:30:01Z, 5307711
2026-03-06T14:35:01Z, 10711958
2026-03-06T14:40:01Z, 10545356
2026-03-06T14:45:01Z, 6470352
2026-03-06T14:50:01Z, 5427228
2026-03-06T14:55:01Z, 8862478
2026-03-06T15:00:01Z, 8138083
2026-03-06T15:05:01Z, 11094991
2026-03-06T15:10:01Z, 6873407
2026-03-06T15:15:01Z, 11957687
2026-03-06T15:20:01Z, 13223933
2026-03-06T15:25:01Z, 11368376
2026-03-06T15:30:01Z, 10039440
2026-03-06T15:35:01Z, 10174339
2026-03-06T15:40:01Z, 12650971
2026-03-06T15:45:01Z, 10525189
2026-03-06T15:50:01Z, 8665415
2026-03-06T15:55:01Z, 11652311
2026-03-06T16:00:01Z, 13504637
2026-03-06T16:05:01Z, 11225773
2026-03-06T16:10:02Z, 3551363
2026-03-06T16:15:01Z, 11556954
2026-03-06T16:20:01Z, 12329017
2026-03-06T16:25:01Z, 6903200
2026-03-06T16:30:01Z, 10898545
2026-03-06T16:35:01Z, 9901467
2026-03-06T16:40:01Z, 11665607
2026-03-06T16:45:01Z, 9548950
2026-03-06T16:50:01Z, 11768885
2026-03-06T16:55:01Z, 12732967
2026-03-06T17:00:01Z, 6329181
2026-03-06T17:05:01Z, 10734960
2026-03-06T17:10:01Z, 10799494
2026-03-06T17:15:01Z, 8221349
2026-03-06T17:20:01Z, 12850973
2026-03-06T17:25:01Z, 11633693
2026-03-06T17:30:01Z, 10880418
2026-03-06T17:35:01Z, 10259826
2026-03-06T17:40:01Z, 9505810
2026-03-06T17:45:01Z, 12320280
2026-03-06T17:50:01Z, 7835895
2026-03-06T17:55:01Z, 13195225
2026-03-06T18:00:01Z, 12465117
2026-03-06T18:05:01Z, 9642188
2026-03-06T18:10:01Z, 8782158
2026-03-06T18:15:01Z, 13408293
2026-03-06T18:20:01Z, 10925211
2026-03-06T18:25:01Z, 11849320
2026-03-06T18:30:01Z, 10136739
2026-03-06T18:35:01Z, 8248454
2026-03-06T18:40:01Z, 11501054
2026-03-06T18:45:01Z, 9426753
2026-03-06T18:50:01Z, 6246758
2026-03-06T18:55:01Z, 12624569
2026-03-06T19:00:01Z, 13705587
2026-03-06T19:05:01Z, 11682022
2026-03-06T19:10:01Z, 12383453
2026-03-06T19:15:01Z, 11863145
2026-03-06T19:20:01Z, 7161102
2026-03-06T19:25:01Z, 9387436
2026-03-06T19:30:01Z, 12039587
2026-03-06T19:35:01Z, 9226633
2026-03-06T19:40:01Z, 11113117
2026-03-06T19:45:01Z, 13382549
2026-03-06T19:50:01Z, 11130197
2026-03-06T19:55:01Z, 13749169
2026-03-06T20:00:01Z, 11329689
2026-03-06T20:05:01Z, 8726411
2026-03-06T20:10:01Z, 11837213
2026-03-06T20:15:01Z, 11977854
2026-03-06T20:20:01Z, 11533535
2026-03-06T20:25:01Z, 10379543
2026-03-06T20:30:01Z, 7603717
2026-03-06T20:35:01Z, 12266288
2026-03-06T20:40:01Z, 14559517
2026-03-06T20:45:01Z, 9056419
2026-03-06T20:50:01Z, 13250725
2026-03-06T20:55:01Z, 8974721
2026-03-06T21:00:01Z, 7415429
2026-03-06T21:05:01Z, 13898730
2026-03-06T21:10:01Z, 9944614
2026-03-06T21:15:01Z, 10292150
2026-03-06T21:20:01Z, 14189073
2026-03-06T21:25:01Z, 10992847
2026-03-06T21:30:01Z, 11485137
2026-03-06T21:35:01Z, 12993039
2026-03-06T21:40:01Z, 14066945
2026-03-06T21:45:01Z, 13475820
2026-03-06T21:50:01Z, 8171546
2026-03-06T21:55:01Z, 14293998
2026-03-06T22:00:01Z, 14266367
2026-03-06T22:05:01Z, 12314688
2026-03-06T22:10:01Z, 11308066
2026-03-06T22:15:01Z, 10833425
2026-03-06T22:20:01Z, 11751217
2026-03-06T22:25:01Z, 11799990
2026-03-06T22:30:01Z, 6213655
2026-03-06T22:35:01Z, 11879529
2026-03-06T22:40:01Z, 10463167
2026-03-06T22:45:01Z, 11384477
2026-03-06T22:50:01Z, 13297032
2026-03-06T22:55:01Z, 13141242
2026-03-06T23:00:01Z, 12988602
2026-03-06T23:05:01Z, 13579147
2026-03-06T23:10:01Z, 12788744
2026-03-06T23:15:01Z, 13377943
2026-03-06T23:20:01Z, 5712947
2026-03-06T23:25:01Z, 13306771
2026-03-06T23:30:01Z, 5172593
2026-03-06T23:35:01Z, 13104601
2026-03-06T23:40:01Z, 11324821
2026-03-06T23:45:01Z, 13508494
2026-03-06T23:50:01Z, 8398524
2026-03-06T23:55:02Z, 12743370
2026-03-07T00:00:01Z, 13857642
2026-03-07T00:05:01Z, 14201996
2026-03-07T00:10:01Z, 13764970
2026-03-07T00:15:01Z, 12400828
2026-03-07T00:20:01Z, 14230270
2026-03-07T00:25:01Z, 14092072
2026-03-07T00:30:01Z, 5394107
2026-03-07T00:35:01Z, 12858432
2026-03-07T00:40:01Z, 11875317
2026-03-07T00:45:01Z, 7675040
2026-03-07T00:50:01Z, 13877069
2026-03-07T00:55:01Z, 13572054
2026-03-07T01:00:01Z, 12039023
2026-03-07T01:05:01Z, 13509743
2026-03-07T01:10:01Z, 13904550
2026-03-07T01:15:01Z, 12481768
2026-03-07T01:20:01Z, 13273919
2026-03-07T01:25:01Z, 12660270
2026-03-07T01:30:01Z, 13073687
2026-03-07T01:35:01Z, 13081502
2026-03-07T01:40:01Z, 11095525
2026-03-07T01:45:01Z, 12148660
2026-03-07T01:50:01Z, 13341834
2026-03-07T01:55:01Z, 14296680
2026-03-07T02:00:01Z, 12407301
2026-03-07T02:05:01Z, 11766178
2026-03-07T02:10:01Z, 12997263
2026-03-07T02:15:01Z, 14005575
2026-03-07T02:20:01Z, 13568151
2026-03-07T02:25:01Z, 12367859
2026-03-07T02:30:01Z, 12767621
2026-03-07T02:35:01Z, 7169215
2026-03-07T02:40:01Z, 10414525
2026-03-07T02:45:01Z, 13405095
2026-03-07T02:50:01Z, 12413167
2026-03-07T02:55:01Z, 11928732
2026-03-07T03:00:01Z, 12789375
2026-03-07T03:05:01Z, 6913684
2026-03-07T03:10:01Z, 11565182
2026-03-07T03:15:01Z, 11925564
2026-03-07T03:20:01Z, 9989768
2026-03-07T03:25:01Z, 14127369
2026-03-07T03:30:01Z, 13747272
2026-03-07T03:35:01Z, 14783019
2026-03-07T03:40:01Z, 11775231
2026-03-07T03:45:01Z, 14045729
2026-03-07T03:50:01Z, 14038123
2026-03-07T03:55:01Z, 11874465
2026-03-07T04:00:01Z, 11820454
2026-03-07T04:05:01Z, 10949129
2026-03-07T04:10:01Z, 13198266
2026-03-07T04:15:01Z, 13981857
2026-03-07T04:20:01Z, 12884161
2026-03-07T04:25:01Z, 13579939
2026-03-07T04:30:01Z, 13431218
2026-03-07T04:35:01Z, 13928439
2026-03-07T04:40:01Z, 13624269
2026-03-07T04:45:01Z, 11185683
2026-03-07T04:50:01Z, 13675488
2026-03-07T04:55:01Z, 13369827
2026-03-07T05:00:01Z, 10465274
2026-03-07T05:05:01Z, 13072053
2026-03-07T05:10:01Z, 13468457
2026-03-07T05:15:01Z, 11876212
2026-03-07T05:20:01Z, 11885983
2026-03-07T05:25:01Z, 11977081
2026-03-07T05:30:01Z, 13945685
2026-03-07T05:35:01Z, 13317417
2026-03-07T05:40:01Z, 13147809
2026-03-07T05:45:01Z, 12951224
2026-03-07T05:50:01Z, 11029429
2026-03-07T05:55:01Z, 6923776
2026-03-07T06:00:01Z, 14693839
2026-03-07T06:05:01Z, 12118267
2026-03-07T06:10:01Z, 5530258
2026-03-07T06:15:01Z, 13608675
2026-03-07T06:20:01Z, 13308722
2026-03-07T06:25:01Z, 13267382
2026-03-07T06:30:01Z, 13517827
2026-03-07T06:35:01Z, 14744299
2026-03-07T06:40:01Z, 9272703
2026-03-07T06:45:01Z, 14187335
2026-03-07T06:50:01Z, 11019123
2026-03-07T06:55:01Z, 12061260
2026-03-07T07:00:01Z, 13609531
2026-03-07T07:05:01Z, 13108386
2026-03-07T07:10:01Z, 13469043
2026-03-07T07:15:01Z, 10486234
2026-03-07T07:20:01Z, 13308548
2026-03-07T07:25:01Z, 12940166
2026-03-07T07:30:01Z, 13633860
2026-03-07T07:35:01Z, 14066484
2026-03-07T07:40:01Z, 13564506
2026-03-07T07:45:01Z, 12912145
2026-03-07T07:50:01Z, 13909669
2026-03-07T07:55:01Z, 13637139
2026-03-07T08:00:01Z, 12960064
2026-03-07T08:05:01Z, 12315547
2026-03-07T08:10:01Z, 12135313
2026-03-07T08:15:01Z, 11926844
2026-03-07T08:20:01Z, 10460507
2026-03-07T08:25:01Z, 13244463
2026-03-07T08:30:01Z, 13428828
2026-03-07T08:35:01Z, 13575670
2026-03-07T08:40:01Z, 12985311
2026-03-07T08:45:01Z, 13366092
2026-03-07T08:50:01Z, 8857046
2026-03-07T08:55:01Z, 13161859
2026-03-07T09:00:01Z, 12518758
2026-03-07T09:05:01Z, 7357153
2026-03-07T09:10:01Z, 11667403
2026-03-07T09:15:01Z, 11064948
2026-03-07T09:20:01Z, 12644869
2026-03-07T09:25:01Z, 12942973
2026-03-07T09:30:01Z, 12002996
2026-03-07T09:35:01Z, 11031189
2026-03-07T09:40:01Z, 13772912
2026-03-07T09:45:01Z, 12537119
2026-03-07T09:50:01Z, 13304836
2026-03-07T09:55:01Z, 12974726
2026-03-07T10:00:01Z, 12937285
2026-03-07T10:05:01Z, 10035816
2026-03-07T10:10:01Z, 13535759
2026-03-07T10:15:01Z, 8930393
2026-03-07T10:20:01Z, 13057788
2026-03-07T10:25:01Z, 11075234
2026-03-07T10:30:01Z, 8431694
2026-03-07T10:35:01Z, 7655325
2026-03-07T10:40:01Z, 10406156
2026-03-07T10:45:01Z, 13094282
2026-03-07T10:50:01Z, 6692946
2026-03-07T10:55:01Z, 12609565
2026-03-07T11:00:01Z, 11910007
2026-03-07T11:05:01Z, 9810460
2026-03-07T11:10:01Z, 12085329
2026-03-07T11:15:01Z, 13154577
2026-03-07T11:20:01Z, 13201801
2026-03-07T11:25:01Z, 9260122
2026-03-07T11:30:01Z, 12059550
2026-03-07T11:35:01Z, 12322386
2026-03-07T11:40:01Z, 12095576
2026-03-07T11:45:01Z, 12596965
2026-03-07T11:50:01Z, 11083036
2026-03-07T11:55:01Z, 14215166
2026-03-07T12:00:01Z, 14384974
2026-03-07T12:05:01Z, 12244296
2026-03-07T12:10:01Z, 11651689
2026-03-07T12:15:01Z, 13024768
2026-03-07T12:20:01Z, 11458437
2026-03-07T12:25:01Z, 9932844
2026-03-07T12:30:02Z, 12867650
2026-03-07T12:35:01Z, 12738201
2026-03-07T12:40:01Z, 13670951
2026-03-07T12:45:01Z, 14108222
2026-03-07T12:50:01Z, 10303297
2026-03-07T12:55:01Z, 13743282
2026-03-07T13:00:01Z, 12344537
2026-03-07T13:05:02Z, 12057286
2026-03-07T13:10:01Z, 11082046
2026-03-07T13:15:01Z, 7635349
2026-03-07T13:20:01Z, 11023179
2026-03-07T13:25:01Z, 13817479
2026-03-07T13:30:01Z, 12654863
2026-03-07T13:35:01Z, 14424648
2026-03-07T13:40:01Z, 10261392
2026-03-07T13:45:01Z, 11549099
2026-03-07T13:50:01Z, 8081796
2026-03-07T13:55:01Z, 12759268
2026-03-07T14:00:01Z, 11965037
2026-03-07T14:05:01Z, 13295370
2026-03-07T14:10:01Z, 13027348
2026-03-07T14:15:01Z, 9767569
2026-03-07T14:20:01Z, 11598341
2026-03-07T14:25:01Z, 13478354
2026-03-07T14:30:01Z, 12113813
2026-03-07T14:35:01Z, 13143133
2026-03-07T14:40:01Z, 10941214
2026-03-07T14:45:01Z, 13101434
2026-03-07T14:50:01Z, 12780842
2026-03-07T14:55:01Z, 13804330
2026-03-07T15:00:01Z, 9302068
2026-03-07T15:05:01Z, 11220313
2026-03-07T15:10:01Z, 13594289
2026-03-07T15:15:01Z, 11611853
2026-03-07T15:20:01Z, 14193901
2026-03-07T15:25:01Z, 11509923
2026-03-07T15:30:01Z, 11373842
2026-03-07T15:35:01Z, 13934736
2026-03-07T15:40:01Z, 11939056
2026-03-07T15:45:01Z, 13463963
2026-03-07T15:50:01Z, 13963453
2026-03-07T15:55:01Z, 13404041
2026-03-07T16:00:01Z, 12982076
2026-03-07T16:05:02Z, 13931505
2026-03-07T16:10:01Z, 9060399
2026-03-07T16:15:01Z, 12339279
2026-03-07T16:20:02Z, 10221218
2026-03-07T16:25:01Z, 12658510
2026-03-07T16:30:01Z, 13319325
2026-03-07T16:35:01Z, 12931640
2026-03-07T16:40:01Z, 9784941
2026-03-07T16:45:01Z, 12718318
2026-03-07T16:50:01Z, 12058141
2026-03-07T16:55:01Z, 13416458
2026-03-07T17:00:01Z, 12618021
2026-03-07T17:05:01Z, 12885387
2026-03-07T17:10:01Z, 14219865
2026-03-07T17:15:01Z, 14282332
2026-03-07T17:20:01Z, 11494438
2026-03-07T17:25:01Z, 10668272
2026-03-07T17:30:01Z, 12404498
2026-03-07T17:35:01Z, 10036791
2026-03-07T17:40:01Z, 10993434
2026-03-07T17:45:01Z, 13517219
2026-03-07T17:50:01Z, 13088695
2026-03-07T17:55:01Z, 12581754
2026-03-07T18:00:01Z, 10601375
2026-03-07T18:05:01Z, 12047503
2026-03-07T18:10:01Z, 13662995
2026-03-07T18:15:01Z, 13408644
2026-03-07T18:20:01Z, 10341903
2026-03-07T18:25:01Z, 14152500
2026-03-07T18:30:01Z, 13917172
2026-03-07T18:35:01Z, 14834572
2026-03-07T18:40:01Z, 14019028
2026-03-07T18:45:01Z, 12488431
2026-03-07T18:50:01Z, 12057376
2026-03-07T18:55:01Z, 14456695
2026-03-07T19:00:01Z, 11619025
2026-03-07T19:05:01Z, 12943312
2026-03-07T19:10:01Z, 13988218
2026-03-07T19:15:01Z, 14297588
2026-03-07T19:20:02Z, 12406185
2026-03-07T19:25:01Z, 13195145
2026-03-07T19:30:01Z, 12305128
2026-03-07T19:35:01Z, 12493171
2026-03-07T19:40:01Z, 13694023
2026-03-07T19:45:01Z, 13910233
2026-03-07T19:50:01Z, 14208584
2026-03-07T19:55:01Z, 13676392
2026-03-07T20:00:01Z, 14653615
2026-03-07T20:05:01Z, 14526050
2026-03-07T20:10:01Z, 8423411
2026-03-07T20:15:01Z, 9889215
2026-03-07T20:20:01Z, 13964963
2026-03-07T20:25:01Z, 15021834
2026-03-07T20:30:01Z, 13924879
2026-03-07T20:35:01Z, 13414847
2026-03-07T20:40:01Z, 9085831
2026-03-07T20:45:01Z, 13726154
2026-03-07T20:50:01Z, 14701146
2026-03-07T20:55:01Z, 14458744
2026-03-07T21:00:01Z, 13701436
2026-03-07T21:05:01Z, 14630143
2026-03-07T21:10:01Z, 14064965
2026-03-07T21:15:01Z, 13879572
2026-03-07T21:20:01Z, 14279864
2026-03-07T21:25:01Z, 12357762
2026-03-07T21:30:01Z, 13275723
2026-03-07T21:35:01Z, 9687313
2026-03-07T21:40:01Z, 14787294
2026-03-07T21:45:01Z, 13355811
2026-03-07T21:50:01Z, 9866568
2026-03-07T21:55:01Z, 12255685
2026-03-07T22:00:01Z, 12261165
2026-03-07T22:05:01Z, 14115819
2026-03-07T22:10:01Z, 13871771
2026-03-07T22:15:01Z, 13703369
2026-03-07T22:20:01Z, 13393941
2026-03-07T22:25:01Z, 14871618
2026-03-07T22:30:01Z, 13524928
2026-03-07T22:35:01Z, 13979073
2026-03-07T22:40:01Z, 13995630
2026-03-07T22:45:01Z, 14000690
2026-03-07T22:50:01Z, 8319287
2026-03-07T22:55:01Z, 9373026
2026-03-07T23:00:01Z, 14513030
2026-03-07T23:05:01Z, 12862487
2026-03-07T23:10:01Z, 12611822
2026-03-07T23:15:01Z, 14662229
2026-03-07T23:20:01Z, 6906060
2026-03-07T23:25:01Z, 13463865
2026-03-07T23:30:01Z, 13403158
2026-03-07T23:35:01Z, 15176548
2026-03-07T23:40:01Z, 11915681
2026-03-07T23:45:01Z, 12651742
2026-03-07T23:50:01Z, 14207067
2026-03-07T23:55:01Z, 13341309
2026-03-08T00:00:01Z, 12562672
2026-03-08T00:05:01Z, 13359442
2026-03-08T00:10:01Z, 13478767
2026-03-08T00:15:01Z, 13914337
2026-03-08T00:20:01Z, 13573245
2026-03-08T00:25:01Z, 14233906
2026-03-08T00:30:01Z, 13343015
2026-03-08T00:35:01Z, 14124269
2026-03-08T00:40:01Z, 14630791
2026-03-08T00:45:01Z, 14314032
2026-03-08T00:50:01Z, 14399405
2026-03-08T00:55:01Z, 14216846
2026-03-08T01:00:01Z, 6791853
2026-03-08T01:05:01Z, 14115708
2026-03-08T01:10:01Z, 13434619
2026-03-08T01:15:01Z, 8661209
2026-03-08T01:20:01Z, 14756545
2026-03-08T01:25:01Z, 12729695
2026-03-08T01:30:01Z, 14138014
2026-03-08T01:35:01Z, 11641765
2026-03-08T01:40:01Z, 14339089
2026-03-08T01:45:01Z, 9837308
2026-03-08T01:50:01Z, 14467529
2026-03-08T01:55:01Z, 13586293
2026-03-08T02:00:01Z, 14296506
2026-03-08T02:05:01Z, 13293426
2026-03-08T02:10:01Z, 13936492
2026-03-08T02:15:01Z, 13415197
2026-03-08T02:20:01Z, 9270101
2026-03-08T02:25:01Z, 12498292
2026-03-08T02:30:01Z, 13854897
2026-03-08T02:35:01Z, 12620129
2026-03-08T02:40:01Z, 14343975
2026-03-08T02:45:01Z, 14666998
2026-03-08T02:50:01Z, 13863425
2026-03-08T02:55:01Z, 13792497
2026-03-08T03:00:01Z, 13342120
2026-03-08T03:05:01Z, 14055938
2026-03-08T03:10:01Z, 14966519
2026-03-08T03:15:01Z, 12683421
2026-03-08T03:20:01Z, 14550331
2026-03-08T03:25:01Z, 11932848
2026-03-08T03:30:01Z, 13602878
2026-03-08T03:35:01Z, 13701891
2026-03-08T03:40:01Z, 14898362
2026-03-08T03:45:01Z, 13896129
2026-03-08T03:50:01Z, 13611304
2026-03-08T03:55:01Z, 13872168
2026-03-08T04:00:01Z, 12756909
2026-03-08T04:05:01Z, 14736091
2026-03-08T04:10:01Z, 14808022
2026-03-08T04:15:01Z, 13094635
2026-03-08T04:20:01Z, 13842544
2026-03-08T04:25:01Z, 11259417
2026-03-08T04:30:01Z, 14176729
2026-03-08T04:35:01Z, 13733918
2026-03-08T04:40:01Z, 14309573
2026-03-08T04:45:01Z, 13849030
2026-03-08T04:50:01Z, 12391215
2026-03-08T04:55:01Z, 12713317
2026-03-08T05:00:01Z, 13840489
2026-03-08T05:05:01Z, 14897003
2026-03-08T05:10:01Z, 13006604
2026-03-08T05:15:01Z, 12623133
2026-03-08T05:20:01Z, 13178378
2026-03-08T05:25:01Z, 14310944
2026-03-08T05:30:01Z, 12272763
2026-03-08T05:35:01Z, 10882389
2026-03-08T05:40:01Z, 10909573
2026-03-08T05:45:01Z, 13796735
2026-03-08T05:50:01Z, 12349042
2026-03-08T05:55:01Z, 13523677
2026-03-08T06:00:01Z, 10857944
2026-03-08T06:05:01Z, 12570760
2026-03-08T06:10:01Z, 9478203
2026-03-08T06:15:01Z, 13035332
2026-03-08T06:20:01Z, 11029991
2026-03-08T06:25:01Z, 12725197
2026-03-08T06:30:01Z, 13530130
2026-03-08T06:35:01Z, 14168235
2026-03-08T06:40:01Z, 14353638
2026-03-08T06:45:01Z, 12819590
2026-03-08T06:50:01Z, 13763439
2026-03-08T06:55:01Z, 12844630
2026-03-08T07:00:01Z, 13153580
2026-03-08T07:05:01Z, 3081049
2026-03-08T07:10:01Z, 13974296
2026-03-08T07:15:01Z, 12995959
2026-03-08T07:20:01Z, 8314147
2026-03-08T07:25:02Z, 13017827
2026-03-08T07:30:01Z, 13657555
2026-03-08T07:35:01Z, 14220396
2026-03-08T07:40:01Z, 13064422
2026-03-08T07:45:01Z, 13622469
2026-03-08T07:50:01Z, 12153281
2026-03-08T07:55:01Z, 11503206
2026-03-08T08:00:01Z, 12771169
2026-03-08T08:05:01Z, 14077236
2026-03-08T08:10:01Z, 12033728
2026-03-08T08:15:01Z, 11920425
2026-03-08T08:20:01Z, 9843754
2026-03-08T08:25:01Z, 13573924
2026-03-08T08:30:01Z, 13101309
2026-03-08T08:35:01Z, 14662759
2026-03-08T08:40:01Z, 14596615
2026-03-08T08:45:01Z, 12392450
2026-03-08T08:50:01Z, 13389712
2026-03-08T08:55:01Z, 12674510
2026-03-08T09:00:01Z, 12930041
2026-03-08T09:05:01Z, 12498525
2026-03-08T09:10:01Z, 12489894
2026-03-08T09:15:01Z, 11448753
2026-03-08T09:20:01Z, 11173839
2026-03-08T09:25:01Z, 13061949
2026-03-08T09:30:01Z, 7385247
2026-03-08T09:35:01Z, 10370172
2026-03-08T09:40:01Z, 7392304
2026-03-08T09:45:01Z, 13137282
2026-03-08T09:50:01Z, 14253252
2026-03-08T09:55:01Z, 9671689
2026-03-08T10:00:01Z, 13307768
2026-03-08T10:05:01Z, 13619103
2026-03-08T10:10:01Z, 13936700
2026-03-08T10:15:01Z, 14121851
2026-03-08T10:20:01Z, 11460863
2026-03-08T10:25:01Z, 13507820
2026-03-08T10:30:01Z, 4723290
2026-03-08T10:35:01Z, 11017810
2026-03-08T10:40:01Z, 9128082
2026-03-08T10:45:01Z, 14082809
2026-03-08T10:50:01Z, 12525197
2026-03-08T10:55:01Z, 14603631
2026-03-08T11:00:01Z, 12728173
2026-03-08T11:05:01Z, 12649991
2026-03-08T11:10:01Z, 14578062
2026-03-08T11:15:01Z, 14072277
2026-03-08T11:20:01Z, 13680430
2026-03-08T11:25:01Z, 12409682
2026-03-08T11:30:01Z, 9749179
2026-03-08T11:35:01Z, 14024379
2026-03-08T11:40:01Z, 9755819
2026-03-08T11:45:01Z, 12998528
2026-03-08T11:50:01Z, 14368052
2026-03-08T11:55:01Z, 13579837
2026-03-08T12:00:01Z, 13899904
2026-03-08T12:05:01Z, 12708861
2026-03-08T12:10:01Z, 11430622
2026-03-08T12:15:01Z, 13367759
2026-03-08T12:20:01Z, 12301492
2026-03-08T12:25:01Z, 13287287
2026-03-08T12:30:01Z, 13969349
2026-03-08T12:35:01Z, 9009665
2026-03-08T12:40:01Z, 11303303
2026-03-08T12:45:01Z, 13857450
2026-03-08T12:50:01Z, 9830063
2026-03-08T12:55:01Z, 13202438
2026-03-08T13:00:01Z, 14049427
2026-03-08T13:05:01Z, 11330089
2026-03-08T13:10:01Z, 13837485
2026-03-08T13:15:01Z, 10561780
2026-03-08T13:20:01Z, 12910531
2026-03-08T13:25:01Z, 12101385
2026-03-08T13:30:01Z, 11255216
2026-03-08T13:35:01Z, 12801303
2026-03-08T13:40:01Z, 12240552
2026-03-08T13:45:01Z, 14004940
2026-03-08T13:50:01Z, 5967006
2026-03-08T13:55:01Z, 11433047
2026-03-08T14:00:01Z, 12652594
2026-03-08T14:05:01Z, 10225698
2026-03-08T14:10:01Z, 8051372
2026-03-08T14:15:01Z, 11219201
2026-03-08T14:20:01Z, 14551129
2026-03-08T14:25:01Z, 13734139
2026-03-08T14:30:01Z, 12138163
2026-03-08T14:35:01Z, 9850971
2026-03-08T14:40:01Z, 5914597
2026-03-08T14:45:01Z, 12657831
2026-03-08T14:50:01Z, 13119268
2026-03-08T14:55:01Z, 13928259
2026-03-08T15:00:01Z, 6949543
2026-03-08T15:05:01Z, 14154019
2026-03-08T15:10:01Z, 13635262
2026-03-08T15:15:01Z, 11635186
2026-03-08T15:20:01Z, 12301515
2026-03-08T15:25:01Z, 12951890
2026-03-08T15:30:01Z, 9316112
2026-03-08T15:35:01Z, 12677099
2026-03-08T15:40:01Z, 10747843
2026-03-08T15:45:01Z, 9655332
2026-03-08T15:50:01Z, 13112554
2026-03-08T15:55:01Z, 12276706
2026-03-08T16:00:01Z, 10880520
2026-03-08T16:05:01Z, 12595875
2026-03-08T16:10:01Z, 13946112
2026-03-08T16:15:01Z, 14169524
2026-03-08T16:20:01Z, 12774744
2026-03-08T16:25:01Z, 11832912
2026-03-08T16:30:01Z, 10552387
2026-03-08T16:35:01Z, 11915606
2026-03-08T16:40:01Z, 11348267
2026-03-08T16:45:01Z, 12729518
2026-03-08T16:50:01Z, 12505262
2026-03-08T16:55:01Z, 13712119
2026-03-08T17:00:01Z, 12729976
2026-03-08T17:05:01Z, 12314164
2026-03-08T17:10:01Z, 11264590
2026-03-08T17:15:01Z, 13107031
2026-03-08T17:20:01Z, 12182281
2026-03-08T17:25:01Z, 11714632
2026-03-08T17:30:01Z, 11654219
2026-03-08T17:35:01Z, 12089276
2026-03-08T17:40:01Z, 7658259
2026-03-08T17:45:01Z, 13395289
2026-03-08T17:50:01Z, 11867678
2026-03-08T17:55:01Z, 14373846
2026-03-08T18:00:01Z, 13414074
2026-03-08T18:05:01Z, 12272231
2026-03-08T18:10:01Z, 12391474
2026-03-08T18:15:01Z, 10327311
2026-03-08T18:20:01Z, 13319338
2026-03-08T18:25:01Z, 9417313
2026-03-08T18:30:01Z, 14534080
2026-03-08T18:35:01Z, 9183594
2026-03-08T18:40:01Z, 14104386
2026-03-08T18:45:01Z, 10668611
2026-03-08T18:50:01Z, 11014280
2026-03-08T18:55:01Z, 12607719
2026-03-08T19:00:01Z, 14551575
2026-03-08T19:05:00Z, 12968029
2026-03-08T19:10:01Z, 13445976
2026-03-08T19:15:01Z, 13602387
2026-03-08T19:20:01Z, 7553255
2026-03-08T19:25:01Z, 14144778
2026-03-08T19:30:01Z, 13856925
2026-03-08T19:35:01Z, 11981085
2026-03-08T19:40:01Z, 9621105
2026-03-08T19:45:01Z, 13116443
2026-03-08T19:50:01Z, 13158743
2026-03-08T19:55:01Z, 14068916
2026-03-08T20:00:01Z, 12221028
2026-03-08T20:05:01Z, 13811325
2026-03-08T20:10:01Z, 13534695
2026-03-08T20:15:01Z, 12190678
2026-03-08T20:20:02Z, 12435760
2026-03-08T20:25:01Z, 13477647
2026-03-08T20:30:01Z, 13146339
2026-03-08T20:35:01Z, 8859781
2026-03-08T20:40:01Z, 13868548
2026-03-08T20:45:01Z, 13684732
2026-03-08T20:50:01Z, 12876367
2026-03-08T20:55:01Z, 13554217
2026-03-08T21:00:01Z, 14935778
2026-03-08T21:05:01Z, 14190356
2026-03-08T21:10:01Z, 13881994
2026-03-08T21:15:01Z, 13551775
2026-03-08T21:20:01Z, 13291074
2026-03-08T21:25:01Z, 12607195
2026-03-08T21:30:01Z, 11150113
2026-03-08T21:35:01Z, 13565107
2026-03-08T21:40:01Z, 13545391
2026-03-08T21:45:01Z, 12088806
2026-03-08T21:50:01Z, 9288327
2026-03-08T21:55:01Z, 13396245
2026-03-08T22:00:01Z, 12796890
2026-03-08T22:05:01Z, 12873862
2026-03-08T22:10:01Z, 10788088
2026-03-08T22:15:01Z, 12903224
2026-03-08T22:20:01Z, 13746809
2026-03-08T22:25:01Z, 14385689
2026-03-08T22:30:01Z, 14317144
2026-03-08T22:35:01Z, 12938343
2026-03-08T22:40:01Z, 14625662
2026-03-08T22:45:01Z, 9375306
2026-03-08T22:50:01Z, 10850397
2026-03-08T22:55:01Z, 13947033
2026-03-08T23:00:01Z, 14536130
2026-03-08T23:05:01Z, 9674933
2026-03-08T23:10:01Z, 14484084
2026-03-08T23:15:01Z, 12142155
2026-03-08T23:20:01Z, 11412738
2026-03-08T23:25:01Z, 11818585
2026-03-08T23:30:01Z, 11900605
2026-03-08T23:35:01Z, 13858319
2026-03-08T23:40:01Z, 13858446
2026-03-08T23:45:01Z, 12883325
2026-03-08T23:50:01Z, 13239087
2026-03-08T23:55:01Z, 13606242
2026-03-09T00:00:01Z, 13879979
2026-03-09T00:05:01Z, 12945155
2026-03-09T00:10:01Z, 14602366
2026-03-09T00:15:02Z, 13838265
2026-03-09T00:20:01Z, 13643793
2026-03-09T00:25:01Z, 14466501
2026-03-09T00:30:01Z, 8833753
2026-03-09T00:35:01Z, 10903615
2026-03-09T00:40:01Z, 12536376
2026-03-09T00:45:01Z, 11374146
2026-03-09T00:50:01Z, 10587849
2026-03-09T00:55:01Z, 12844648
2026-03-09T01:00:01Z, 11733428
2026-03-09T01:05:01Z, 11567550
2026-03-09T01:10:01Z, 12489951
2026-03-09T01:15:01Z, 13593139
2026-03-09T01:20:01Z, 11889469
2026-03-09T01:25:01Z, 10933059
2026-03-09T01:30:01Z, 9639911
2026-03-09T01:35:01Z, 13294371
2026-03-09T01:40:01Z, 11043395
2026-03-09T01:45:01Z, 5915643
2026-03-09T01:50:01Z, 8618401
2026-03-09T01:55:01Z, 11249090
2026-03-09T02:00:01Z, 13734640
2026-03-09T02:05:01Z, 12164115
2026-03-09T02:10:01Z, 6116875
2026-03-09T02:15:01Z, 13091533
2026-03-09T02:20:01Z, 11876772
2026-03-09T02:25:01Z, 13545299
2026-03-09T02:30:01Z, 10310694
2026-03-09T02:35:01Z, 8946914
2026-03-09T02:40:01Z, 13035528
2026-03-09T02:45:01Z, 14132740
2026-03-09T02:50:01Z, 12387660
2026-03-09T02:55:01Z, 13940035
2026-03-09T03:00:01Z, 10136791
2026-03-09T03:05:01Z, 10061795
2026-03-09T03:10:01Z, 12712933
2026-03-09T03:15:01Z, 13261236
2026-03-09T03:20:01Z, 10831871
2026-03-09T03:25:01Z, 12717318
2026-03-09T03:30:01Z, 9781051
2026-03-09T03:35:01Z, 10402610
2026-03-09T03:40:01Z, 12716510
2026-03-09T03:45:01Z, 12345174
2026-03-09T03:50:01Z, 11642508
2026-03-09T03:55:01Z, 11970636
2026-03-09T04:00:01Z, 9593317
2026-03-09T04:05:01Z, 12187095
2026-03-09T04:10:01Z, 12866610
2026-03-09T04:15:01Z, 14690435
2026-03-09T04:20:01Z, 12703730
2026-03-09T04:25:01Z, 13172970
2026-03-09T04:30:01Z, 10759447
2026-03-09T04:35:01Z, 13530136
2026-03-09T04:40:01Z, 14381631
2026-03-09T04:45:01Z, 13425205
2026-03-09T04:50:01Z, 8496232
2026-03-09T04:55:01Z, 10366672
2026-03-09T05:00:01Z, 10617391
2026-03-09T05:05:01Z, 6804294
2026-03-09T05:10:01Z, 12995750
2026-03-09T05:15:01Z, 14960117
2026-03-09T05:20:01Z, 12294812
2026-03-09T05:25:01Z, 12949119
2026-03-09T05:30:01Z, 10599838
2026-03-09T05:35:01Z, 8450781
2026-03-09T05:40:01Z, 9138456
2026-03-09T05:45:01Z, 8923759
2026-03-09T05:50:01Z, 6579738
2026-03-09T05:55:01Z, 13607799
2026-03-09T06:00:01Z, 13190665
2026-03-09T06:05:01Z, 6595426
2026-03-09T06:10:01Z, 5061673
2026-03-09T06:15:01Z, 9010125
2026-03-09T06:20:01Z, 5045504
2026-03-09T06:25:01Z, 7143534
2026-03-09T06:30:01Z, 5413675
2026-03-09T06:35:01Z, 6688945
2026-03-09T06:40:01Z, 6234089
2026-03-09T06:45:01Z, 4931654
2026-03-09T06:50:01Z, 6636791
2026-03-09T06:55:01Z, 6004075
2026-03-09T07:00:01Z, 4766482
2026-03-09T07:05:01Z, 7626061
2026-03-09T07:10:01Z, 4009125
2026-03-09T07:15:01Z, 6554191
2026-03-09T07:20:01Z, 5613866
2026-03-09T07:25:01Z, 5290645
2026-03-09T07:30:01Z, 6431682
2026-03-09T07:35:01Z, 5264731
2026-03-09T07:40:01Z, 6105311
2026-03-09T07:45:01Z, 5726984
2026-03-09T07:50:01Z, 5702216
2026-03-09T07:55:01Z, 3755365
2026-03-09T08:00:01Z, 6554728
2026-03-09T08:05:01Z, 5697262
2026-03-09T08:10:01Z, 3771097
2026-03-09T08:15:01Z, 6932453
2026-03-09T08:20:01Z, 5026584
2026-03-09T08:25:01Z, 5472089
2026-03-09T08:30:01Z, 3811646
2026-03-09T08:35:01Z, 7462274
2026-03-09T08:40:01Z, 4795950
2026-03-09T08:45:01Z, 4054025
2026-03-09T08:50:01Z, 8562327
2026-03-09T08:55:01Z, 4731886
2026-03-09T09:00:01Z, 3966887
2026-03-09T09:05:01Z, 6180134
2026-03-09T09:10:01Z, 6008130
2026-03-09T09:15:01Z, 6474841
2026-03-09T09:20:01Z, 6799585
2026-03-09T09:25:01Z, 6225372
2026-03-09T09:30:01Z, 6436940
2026-03-09T09:35:01Z, 3046405
2026-03-09T09:40:01Z, 4817591
2026-03-09T09:45:01Z, 4963225
2026-03-09T09:50:01Z, 5046147
2026-03-09T09:55:01Z, 4999451
2026-03-09T10:00:01Z, 4758406
2026-03-09T10:05:01Z, 6177915
2026-03-09T10:10:01Z, 7089641
2026-03-09T10:15:02Z, 6171982
2026-03-09T10:20:01Z, 5031136
2026-03-09T10:25:01Z, 6030167
2026-03-09T10:30:01Z, 5770937
2026-03-09T10:35:01Z, 3331768
2026-03-09T10:40:01Z, 3942842
2026-03-09T10:45:01Z, 5743255
2026-03-09T10:50:01Z, 7156142
2026-03-09T10:55:01Z, 5161915
2026-03-09T11:00:01Z, 7009794
2026-03-09T11:05:01Z, 8579645
2026-03-09T11:10:01Z, 5664099
2026-03-09T11:15:01Z, 7670313
2026-03-09T11:20:01Z, 5716848
2026-03-09T11:25:01Z, 6098716
2026-03-09T11:30:01Z, 5319373
2026-03-09T11:35:01Z, 7183448
2026-03-09T11:40:01Z, 6196895
2026-03-09T11:45:01Z, 5747770
2026-03-09T11:50:01Z, 5096765
2026-03-09T11:55:01Z, 5842601
2026-03-09T12:00:01Z, 5757762
2026-03-09T12:05:01Z, 5900548
2026-03-09T12:10:01Z, 6346115
2026-03-09T12:15:01Z, 6566090
2026-03-09T12:20:01Z, 6567282
2026-03-09T12:25:01Z, 6754127
2026-03-09T12:30:01Z, 6522781
2026-03-09T12:35:01Z, 8970924
2026-03-09T12:40:01Z, 6217171
2026-03-09T12:45:01Z, 5783688
2026-03-09T12:50:01Z, 6681945
2026-03-09T12:55:01Z, 6656840
2026-03-09T13:00:01Z, 6715604
2026-03-09T13:05:01Z, 5383903
2026-03-09T13:10:01Z, 7733980
2026-03-09T13:15:01Z, 6298720
2026-03-09T13:20:01Z, 5804518
2026-03-09T13:25:01Z, 6393412
2026-03-09T13:30:01Z, 4647045
2026-03-09T13:35:01Z, 5119149
2026-03-09T13:40:01Z, 6117651
2026-03-09T13:45:01Z, 5037853
2026-03-09T13:50:01Z, 4021917
2026-03-09T13:55:01Z, 5769071
2026-03-09T14:00:01Z, 3435106
2026-03-09T14:05:01Z, 5252024
2026-03-09T14:10:01Z, 4250392
2026-03-09T14:15:01Z, 3992458
2026-03-09T14:20:01Z, 4923207
2026-03-09T14:25:01Z, 8855411
2026-03-09T14:30:01Z, 4598726
2026-03-09T14:35:01Z, 3654975
2026-03-09T14:40:01Z, 5673048
2026-03-09T14:45:01Z, 5533889
2026-03-09T14:50:01Z, 2800959
2026-03-09T14:55:01Z, 5527488
2026-03-09T15:00:01Z, 5898831
2026-03-09T15:05:01Z, 6130782
2026-03-09T15:10:01Z, 4754130
2026-03-09T15:15:01Z, 7369786
2026-03-09T15:20:01Z, 5741925
2026-03-09T15:25:01Z, 3706271
2026-03-09T15:30:01Z, 5809613
2026-03-09T15:35:01Z, 4120169
2026-03-09T15:40:01Z, 5448903
2026-03-09T15:45:01Z, 5924875
2026-03-09T15:50:01Z, 6601714
2026-03-09T15:55:01Z, 6223971
2026-03-09T16:00:01Z, 9508858
2026-03-09T16:05:01Z, 6926392
2026-03-09T16:10:01Z, 6425379
2026-03-09T16:15:01Z, 5453064
2026-03-09T16:20:01Z, 6764663
2026-03-09T16:25:01Z, 5656653
2026-03-09T16:30:01Z, 3942639
2026-03-09T16:35:01Z, 4423669
2026-03-09T16:40:01Z, 4168246
2026-03-09T16:45:01Z, 6542969
2026-03-09T16:50:02Z, 5058640
2026-03-09T16:55:01Z, 3972865
2026-03-09T17:00:01Z, 8309348
2026-03-09T17:05:01Z, 4211582
2026-03-09T17:10:01Z, 5693280
2026-03-09T17:15:01Z, 5177820
2026-03-09T17:20:01Z, 7454304
2026-03-09T17:25:01Z, 8416138
2026-03-09T17:30:01Z, 7256343
2026-03-09T17:35:02Z, 7310513
2026-03-09T17:40:01Z, 2437543
2026-03-09T17:45:01Z, 8641886
2026-03-09T17:50:01Z, 9438749
2026-03-09T17:55:01Z, 5618018
2026-03-09T18:00:01Z, 6752068
2026-03-09T18:05:01Z, 4997296
2026-03-09T18:10:01Z, 7897326
2026-03-09T18:15:01Z, 6194301
2026-03-09T18:20:01Z, 8886983
2026-03-09T18:25:01Z, 10024333
2026-03-09T18:30:01Z, 5369317
2026-03-09T18:35:01Z, 5967768
2026-03-09T18:40:01Z, 6714868
2026-03-09T18:45:01Z, 6065977
2026-03-09T18:50:01Z, 6193464
2026-03-09T18:55:01Z, 5017254
2026-03-09T19:00:01Z, 6052444
2026-03-09T19:05:01Z, 6198411
2026-03-09T19:10:01Z, 8941881
2026-03-09T19:15:01Z, 5485784
2026-03-09T19:20:01Z, 5975328
2026-03-09T19:25:01Z, 8233938
2026-03-09T19:30:01Z, 6494082
2026-03-09T19:35:01Z, 6761046
2026-03-09T19:40:01Z, 5478544
2026-03-09T19:45:01Z, 9186748
2026-03-09T19:50:01Z, 4344275
2026-03-09T19:55:01Z, 11124117
2026-03-09T20:00:01Z, 6394470
2026-03-09T20:05:01Z, 6660579
2026-03-09T20:10:01Z, 6087878
2026-03-09T20:15:01Z, 7941265
2026-03-09T20:20:01Z, 6839097
2026-03-09T20:25:01Z, 8026367
2026-03-09T20:30:01Z, 5988091
2026-03-09T20:35:01Z, 6861921
2026-03-09T20:40:01Z, 7293703
2026-03-09T20:45:01Z, 7783844
2026-03-09T20:50:01Z, 4693200
2026-03-09T20:55:01Z, 8697175
2026-03-09T21:00:01Z, 8594395
2026-03-09T21:05:01Z, 6404581
2026-03-09T21:10:01Z, 6588083
2026-03-09T21:15:01Z, 5546556
2026-03-09T21:20:01Z, 5181273
2026-03-09T21:25:01Z, 7187189
2026-03-09T21:30:01Z, 5770383
2026-03-09T21:35:01Z, 9725642
2026-03-09T21:40:01Z, 8261596
2026-03-09T21:45:01Z, 6350008
2026-03-09T21:50:01Z, 6036162
2026-03-09T21:55:01Z, 6252799
2026-03-09T22:00:01Z, 4910864
2026-03-09T22:05:01Z, 9822185
2026-03-09T22:10:01Z, 7442555
2026-03-09T22:15:02Z, 7278085
2026-03-09T22:20:01Z, 4679402
2026-03-09T22:25:01Z, 7414418
2026-03-09T22:30:01Z, 8346609
2026-03-09T22:35:01Z, 6701569
2026-03-09T22:40:01Z, 7226459
2026-03-09T22:45:01Z, 6218605
2026-03-09T22:50:01Z, 5934887
2026-03-09T22:55:01Z, 7459309
2026-03-09T23:00:01Z, 6118222
2026-03-09T23:05:01Z, 7473055
2026-03-09T23:10:01Z, 10143630
2026-03-09T23:15:01Z, 6493410
2026-03-09T23:20:01Z, 8652824
2026-03-09T23:25:01Z, 7705022
2026-03-09T23:30:01Z, 5892726
2026-03-09T23:35:01Z, 8032678
2026-03-09T23:40:01Z, 13343397
2026-03-09T23:45:01Z, 12237772
2026-03-09T23:50:01Z, 13841205
2026-03-09T23:55:01Z, 11426255
2026-03-10T00:00:01Z, 12528570
2026-03-10T00:05:01Z, 9486784
2026-03-10T00:10:01Z, 11137797
2026-03-10T00:15:01Z, 9692298
2026-03-10T00:20:01Z, 11303840
2026-03-10T00:25:01Z, 13262153
2026-03-10T00:30:01Z, 6578591
2026-03-10T00:35:01Z, 12000806
2026-03-10T00:40:01Z, 6537965
2026-03-10T00:45:01Z, 12133466
2026-03-10T00:50:01Z, 9155717
2026-03-10T00:55:01Z, 8890546
2026-03-10T01:00:01Z, 12334973
2026-03-10T01:05:01Z, 10975521
2026-03-10T01:10:01Z, 13821859
2026-03-10T01:15:01Z, 11590794
2026-03-10T01:20:01Z, 8944106
2026-03-10T01:25:01Z, 9854892
2026-03-10T01:30:01Z, 9241175
2026-03-10T01:35:01Z, 6243859
2026-03-10T01:40:01Z, 3989833
2026-03-10T01:45:01Z, 9779378
2026-03-10T01:50:01Z, 10879759
2026-03-10T01:55:01Z, 11522828
2026-03-10T02:00:01Z, 10747376
2026-03-10T02:05:01Z, 7567469
2026-03-10T02:10:01Z, 6300055
2026-03-10T02:15:02Z, 7656786
2026-03-10T02:20:01Z, 8926319
2026-03-10T02:25:01Z, 9670179
2026-03-10T02:30:01Z, 9197390
2026-03-10T02:35:01Z, 12011965
2026-03-10T02:40:01Z, 4171994
2026-03-10T02:45:01Z, 10963267
2026-03-10T02:50:01Z, 9083865
2026-03-10T02:55:01Z, 9822494
2026-03-10T03:00:01Z, 9854513
2026-03-10T03:05:01Z, 10649221
2026-03-10T03:10:01Z, 6536649
2026-03-10T03:15:01Z, 9100506
2026-03-10T03:20:01Z, 9684174
2026-03-10T03:25:01Z, 7689195
2026-03-10T03:30:01Z, 9635093
2026-03-10T03:35:01Z, 12032150
2026-03-10T03:40:01Z, 7254897
2026-03-10T03:45:01Z, 8585533
2026-03-10T03:50:01Z, 9651700
2026-03-10T03:55:01Z, 10306561
2026-03-10T04:00:01Z, 10799852
2026-03-10T04:05:01Z, 10125045
2026-03-10T04:10:01Z, 7978817
2026-03-10T04:15:01Z, 8888963
2026-03-10T04:20:01Z, 11225981
2026-03-10T04:25:01Z, 7964156
2026-03-10T04:30:01Z, 9337575
2026-03-10T04:35:01Z, 8235634
2026-03-10T04:40:01Z, 11257229
2026-03-10T04:45:02Z, 8909956
2026-03-10T04:50:01Z, 7635951
2026-03-10T04:55:01Z, 13027530
2026-03-10T05:00:01Z, 10330956
2026-03-10T05:05:01Z, 7409461
2026-03-10T05:10:01Z, 5840128
2026-03-10T05:15:01Z, 5288182
2026-03-10T05:20:01Z, 6781238
2026-03-10T05:25:01Z, 4854675
2026-03-10T05:30:01Z, 7515957
2026-03-10T05:35:01Z, 5648802
2026-03-10T05:40:01Z, 9789078
2026-03-10T05:45:01Z, 7447394
2026-03-10T05:50:01Z, 5597084
2026-03-10T05:55:01Z, 8383744
2026-03-10T06:00:01Z, 4628700
2026-03-10T06:05:01Z, 6609076
2026-03-10T06:10:01Z, 8077126
2026-03-10T06:15:01Z, 6912654
2026-03-10T06:20:01Z, 5824336
2026-03-10T06:25:01Z, 7036686
2026-03-10T06:30:01Z, 9456711
2026-03-10T06:35:01Z, 5699018
2026-03-10T06:40:01Z, 5621228
2026-03-10T06:45:01Z, 8374078
2026-03-10T06:50:01Z, 9367123
2026-03-10T06:55:01Z, 7732459
2026-03-10T07:00:01Z, 7749279
2026-03-10T07:05:01Z, 11537173
2026-03-10T07:10:01Z, 10773116
2026-03-10T07:15:01Z, 9421734
2026-03-10T07:20:01Z, 7386565
2026-03-10T07:25:01Z, 10373721
2026-03-10T07:30:01Z, 9243387
2026-03-10T07:35:01Z, 6449683
2026-03-10T07:40:01Z, 7328722
2026-03-10T07:45:01Z, 6759456
2026-03-10T07:50:01Z, 9060549
2026-03-10T07:55:01Z, 5147191
2026-03-10T08:00:01Z, 7583232
2026-03-10T08:05:01Z, 7119174
2026-03-10T08:10:01Z, 6251383
2026-03-10T08:15:01Z, 7559852
2026-03-10T08:20:01Z, 9494618
2026-03-10T08:25:01Z, 6300839
2026-03-10T08:30:01Z, 10367344
2026-03-10T08:35:01Z, 8312673
2026-03-10T08:40:01Z, 6734764
2026-03-10T08:45:01Z, 7254275
2026-03-10T08:50:01Z, 6399445
2026-03-10T08:55:01Z, 7845897
2026-03-10T09:00:01Z, 7456118
2026-03-10T09:05:01Z, 6942093
2026-03-10T09:10:01Z, 7002365
2026-03-10T09:15:01Z, 8590775
2026-03-10T09:20:01Z, 5780248
2026-03-10T09:25:01Z, 10062610
2026-03-10T09:30:01Z, 6957276
2026-03-10T09:35:01Z, 8049123
2026-03-10T09:40:01Z, 9431912
2026-03-10T09:45:01Z, 5054365
2026-03-10T09:50:01Z, 11172096
2026-03-10T09:55:01Z, 10824764
2026-03-10T10:00:01Z, 6146811
2026-03-10T10:05:01Z, 4765726
2026-03-10T10:10:02Z, 10010805
2026-03-10T10:15:01Z, 10726777
2026-03-10T10:20:01Z, 8260745
2026-03-10T10:25:01Z, 7302245
2026-03-10T10:30:01Z, 10561436
2026-03-10T10:35:01Z, 6205234
2026-03-10T10:40:01Z, 7916938
2026-03-10T10:45:01Z, 11601595
2026-03-10T10:50:01Z, 9098172
2026-03-10T10:55:01Z, 7703829
2026-03-10T11:00:01Z, 5665717
2026-03-10T11:05:01Z, 6817640
2026-03-10T11:10:01Z, 4279697
2026-03-10T11:15:01Z, 5249749
2026-03-10T11:20:01Z, 4309869
2026-03-10T11:25:01Z, 4692054
2026-03-10T11:30:01Z, 6039463
2026-03-10T11:35:01Z, 6668634
2026-03-10T11:40:01Z, 6564145
2026-03-10T11:45:01Z, 6425287
2026-03-10T11:50:01Z, 4506180
2026-03-10T11:55:01Z, 5730456
2026-03-10T12:00:01Z, 4776988
2026-03-10T12:05:01Z, 5766751
2026-03-10T12:10:01Z, 5038379
2026-03-10T12:15:01Z, 4166944
2026-03-10T12:20:01Z, 5060099
2026-03-10T12:25:01Z, 5896200
2026-03-10T12:30:01Z, 5776912
2026-03-10T12:35:01Z, 4155327
2026-03-10T12:40:01Z, 5741566
2026-03-10T12:45:01Z, 6277776
2026-03-10T12:50:01Z, 3159089
2026-03-10T12:55:01Z, 5304983
2026-03-10T13:00:01Z, 5888737
2026-03-10T13:05:01Z, 5073748
2026-03-10T13:10:01Z, 4692031
2026-03-10T13:15:01Z, 4760145
2026-03-10T13:20:01Z, 5261333
2026-03-10T13:25:01Z, 3974430
2026-03-10T13:30:01Z, 3340676
2026-03-10T13:35:01Z, 4414252
2026-03-10T13:40:01Z, 6919842
2026-03-10T13:45:01Z, 5923833
2026-03-10T13:50:01Z, 4484577
2026-03-10T13:55:01Z, 7467163
2026-03-10T14:00:01Z, 5821458
2026-03-10T14:05:01Z, 6489900
2026-03-10T14:10:01Z, 8818662
2026-03-10T14:15:01Z, 4433683
2026-03-10T14:20:01Z, 4258456
2026-03-10T14:25:01Z, 2972053
2026-03-10T14:30:01Z, 5581894
2026-03-10T14:35:01Z, 5181955
2026-03-10T14:40:01Z, 5171082
2026-03-10T14:45:01Z, 5170190
2026-03-10T14:50:01Z, 5231391
2026-03-10T14:55:01Z, 6365775
2026-03-10T15:00:01Z, 4505275
2026-03-10T15:05:01Z, 6358542
2026-03-10T15:10:01Z, 5910172
2026-03-10T15:15:01Z, 10482563
2026-03-10T15:20:01Z, 6319823
2026-03-10T15:25:01Z, 4602181
2026-03-10T15:30:01Z, 6846674
2026-03-10T15:35:01Z, 6437538
2026-03-10T15:40:01Z, 4390266
2026-03-10T15:45:01Z, 6194734
2026-03-10T15:50:01Z, 5726995
2026-03-10T15:55:01Z, 4861483
2026-03-10T16:00:01Z, 6084070
2026-03-10T16:05:01Z, 7233532
2026-03-10T16:10:01Z, 3994483
2026-03-10T16:15:01Z, 5301282
2026-03-10T16:20:02Z, 4914118
2026-03-10T16:25:01Z, 5814242
2026-03-10T16:30:01Z, 6061437
2026-03-10T16:35:01Z, 5337818
2026-03-10T16:40:01Z, 4863113
2026-03-10T16:45:01Z, 5277360
2026-03-10T16:50:01Z, 4009186
2026-03-10T16:55:01Z, 7436844
2026-03-10T17:00:01Z, 7237700
2026-03-10T17:05:02Z, 7696048
2026-03-10T17:10:01Z, 5120655
2026-03-10T17:15:01Z, 4794465
2026-03-10T17:20:01Z, 7184798
2026-03-10T17:25:01Z, 5321666
2026-03-10T17:30:01Z, 4614876
2026-03-10T17:35:01Z, 5475437
2026-03-10T17:40:01Z, 6333828
2026-03-10T17:45:01Z, 6383368
2026-03-10T17:50:01Z, 4328362
2026-03-10T17:55:01Z, 5766137
2026-03-10T18:00:01Z, 6826174
2026-03-10T18:05:01Z, 4867466
2026-03-10T18:10:01Z, 4568400
2026-03-10T18:15:01Z, 5729173
2026-03-10T18:20:01Z, 7552794
2026-03-10T18:25:01Z, 7316422
2026-03-10T18:30:01Z, 6295373
2026-03-10T18:35:01Z, 7520270
2026-03-10T18:40:01Z, 9670222
2026-03-10T18:45:01Z, 9627821
2026-03-10T18:50:01Z, 8036824
2026-03-10T18:55:01Z, 5078830
2026-03-10T19:00:01Z, 5365284
2026-03-10T19:05:01Z, 9576366
2026-03-10T19:10:02Z, 6683718
2026-03-10T19:15:01Z, 7593693
2026-03-10T19:20:01Z, 8268134
2026-03-10T19:25:01Z, 1965133
2026-03-10T19:30:01Z, 5278884
2026-03-10T19:35:01Z, 5651864
2026-03-10T19:40:01Z, 8419903
2026-03-10T19:45:01Z, 6311378
2026-03-10T19:50:01Z, 4268803
2026-03-10T19:55:01Z, 6746330
2026-03-10T20:00:01Z, 9177972
2026-03-10T20:05:01Z, 5818580
2026-03-10T20:10:01Z, 5724032
2026-03-10T20:15:01Z, 6535685
2026-03-10T20:20:01Z, 7482552
2026-03-10T20:25:01Z, 7848100
2026-03-10T20:30:01Z, 6633883
2026-03-10T20:35:01Z, 6575369
2026-03-10T20:40:01Z, 5601192
2026-03-10T20:45:01Z, 8190140
2026-03-10T20:50:01Z, 7703442
2026-03-10T20:55:01Z, 7357113
2026-03-10T21:00:01Z, 9336347
2026-03-10T21:05:01Z, 7016879
2026-03-10T21:10:01Z, 6493003
2026-03-10T21:15:01Z, 7418022
2026-03-10T21:20:01Z, 6462146
2026-03-10T21:25:01Z, 8178328
2026-03-10T21:30:01Z, 10284065
2026-03-10T21:35:01Z, 3395212
2026-03-10T21:40:01Z, 9520237
2026-03-10T21:45:02Z, 8529899
2026-03-10T21:50:01Z, 9642123
2026-03-10T21:55:01Z, 10536598
2026-03-10T22:00:01Z, 4486113
2026-03-10T22:05:01Z, 10041604
2026-03-10T22:10:01Z, 7773326
2026-03-10T22:15:01Z, 8011121
2026-03-10T22:20:01Z, 7151164
2026-03-10T22:25:01Z, 7237426
2026-03-10T22:30:01Z, 6647378
2026-03-10T22:35:01Z, 3562372
2026-03-10T22:40:01Z, 4992631
2026-03-10T22:45:01Z, 9236691
2026-03-10T22:50:01Z, 4403961
2026-03-10T22:55:01Z, 7771003
2026-03-10T23:00:01Z, 6366918
2026-03-10T23:05:01Z, 6984813
2026-03-10T23:10:01Z, 7604424
2026-03-10T23:15:01Z, 8595011
2026-03-10T23:20:01Z, 9430162
2026-03-10T23:25:01Z, 7995913
2026-03-10T23:30:01Z, 7181546
2026-03-10T23:35:01Z, 5768319
2026-03-10T23:40:01Z, 4928040
2026-03-10T23:45:01Z, 7856296
2026-03-10T23:50:01Z, 8748696
2026-03-10T23:55:01Z, 8033702
2026-03-11T00:00:01Z, 7986746
2026-03-11T00:05:02Z, 11066443
2026-03-11T00:10:01Z, 6907215
2026-03-11T00:15:01Z, 9526047
2026-03-11T00:20:01Z, 7288616
2026-03-11T00:25:01Z, 6198156
2026-03-11T00:30:01Z, 6457264
2026-03-11T00:35:01Z, 6484201
2026-03-11T00:40:01Z, 2906393
2026-03-11T00:45:01Z, 7250320
2026-03-11T00:50:01Z, 6750506
2026-03-11T00:55:01Z, 7613248
2026-03-11T01:00:01Z, 7174984
2026-03-11T01:05:01Z, 10290654
2026-03-11T01:10:01Z, 3632496
2026-03-11T01:15:01Z, 9930627
2026-03-11T01:20:01Z, 5454101
2026-03-11T01:25:01Z, 6299471
2026-03-11T01:30:01Z, 3933960
2026-03-11T01:35:01Z, 7330968
2026-03-11T01:40:01Z, 6634670
2026-03-11T01:45:01Z, 6114853
2026-03-11T01:50:01Z, 5073317
2026-03-11T01:55:01Z, 6911925
2026-03-11T02:00:01Z, 9399316
2026-03-11T02:05:01Z, 7141476
2026-03-11T02:10:01Z, 4221062
2026-03-11T02:15:01Z, 8203010
2026-03-11T02:20:01Z, 5313986
2026-03-11T02:25:01Z, 5415277
2026-03-11T02:30:01Z, 5289348
2026-03-11T02:35:01Z, 5933753
2026-03-11T02:40:01Z, 6463476
2026-03-11T02:45:01Z, 5838193
2026-03-11T02:50:01Z, 8266287
2026-03-11T02:55:01Z, 3633280
2026-03-11T03:00:01Z, 3930471
2026-03-11T03:05:01Z, 7301139
2026-03-11T03:10:01Z, 4979861
2026-03-11T03:15:01Z, 7085607
2026-03-11T03:20:01Z, 5852024
2026-03-11T03:25:01Z, 5589191
2026-03-11T03:30:01Z, 5275699
2026-03-11T03:35:01Z, 7233429
2026-03-11T03:40:01Z, 4493102
2026-03-11T03:45:01Z, 6654283
2026-03-11T03:50:01Z, 6837461
2026-03-11T03:55:01Z, 9410935
2026-03-11T04:00:01Z, 8921039
2026-03-11T04:05:01Z, 6050348
2026-03-11T04:10:01Z, 5332231
2026-03-11T04:15:01Z, 6959033
2026-03-11T04:20:01Z, 7126689
2026-03-11T04:25:01Z, 8906786
2026-03-11T04:30:01Z, 7374142
2026-03-11T04:35:01Z, 9819555
2026-03-11T04:40:01Z, 5884099
2026-03-11T04:45:01Z, 6484312
2026-03-11T04:50:01Z, 6208458
2026-03-11T04:55:01Z, 6675927
2026-03-11T05:00:01Z, 6257863
2026-03-11T05:05:01Z, 6978600
2026-03-11T05:10:01Z, 4713512
2026-03-11T05:15:01Z, 5493669
2026-03-11T05:20:01Z, 5592490
2026-03-11T05:25:01Z, 6158797
2026-03-11T05:30:01Z, 9021829
2026-03-11T05:35:01Z, 8900722
2026-03-11T05:40:01Z, 5970788
2026-03-11T05:45:01Z, 6141803
2026-03-11T05:50:01Z, 6874346
2026-03-11T05:55:01Z, 5795941
2026-03-11T06:00:01Z, 6348803
2026-03-11T06:05:01Z, 2075507
2026-03-11T06:10:01Z, 1925956
2026-03-11T06:15:01Z, 3975637
2026-03-11T06:20:01Z, 1988552
2026-03-11T06:25:01Z, 2298657
2026-03-11T06:30:01Z, 2068700
2026-03-11T06:35:01Z, 2320413
2026-03-11T06:40:01Z, 1980275
2026-03-11T06:45:01Z, 1709251
2026-03-11T06:50:01Z, 2628999
2026-03-11T06:55:01Z, 2738918
2026-03-11T07:00:01Z, 1826895
2026-03-11T07:05:01Z, 1868092
2026-03-11T07:10:01Z, 2822765
2026-03-11T07:15:01Z, 1934126
2026-03-11T07:20:01Z, 2141932
2026-03-11T07:25:01Z, 1673454
2026-03-11T07:30:01Z, 1443543
2026-03-11T07:35:01Z, 2018029
2026-03-11T07:40:01Z, 1881611
2026-03-11T07:45:01Z, 1959105
2026-03-11T07:50:01Z, 3121739
2026-03-11T07:55:01Z, 2027792
2026-03-11T08:00:01Z, 2126459
2026-03-11T08:05:01Z, 3449495
2026-03-11T08:10:01Z, 1817396
2026-03-11T08:15:01Z, 2172304
2026-03-11T08:20:01Z, 1508866
2026-03-11T08:25:01Z, 3486477
2026-03-11T08:30:01Z, 2484380
2026-03-11T08:35:01Z, 1853682
2026-03-11T08:40:01Z, 2411541
2026-03-11T08:45:01Z, 2142702
2026-03-11T08:50:01Z, 1818632
2026-03-11T08:55:01Z, 2076556
2026-03-11T09:00:01Z, 1374242
2026-03-11T09:05:01Z, 4797131
2026-03-11T09:10:01Z, 5208969
2026-03-11T09:15:01Z, 7969071
2026-03-11T09:20:01Z, 939315
2026-03-11T09:25:01Z, 1932282
2026-03-11T09:30:01Z, 3072310
2026-03-11T09:35:01Z, 1487414
2026-03-11T09:40:01Z, 1649601
2026-03-11T09:45:01Z, 4996046
2026-03-11T09:50:01Z, 5949813
2026-03-11T09:55:01Z, 4747595
2026-03-11T10:00:01Z, 4090891
2026-03-11T10:05:01Z, 7590508
2026-03-11T10:10:01Z, 1906658
2026-03-11T10:15:01Z, 3948548
2026-03-11T10:20:01Z, 6407993
2026-03-11T10:25:01Z, 3002339
2026-03-11T10:30:01Z, 1593845
2026-03-11T10:35:01Z, 2157474
2026-03-11T10:40:01Z, 3146779
2026-03-11T10:45:01Z, 1833231
2026-03-11T10:50:01Z, 1787902
2026-03-11T10:55:02Z, 2037620
2026-03-11T11:00:01Z, 1098293
2026-03-11T11:05:01Z, 1975122
2026-03-11T11:10:01Z, 2219882
2026-03-11T11:15:01Z, 3274471
2026-03-11T11:20:01Z, 1879551
2026-03-11T11:25:01Z, 1678145
2026-03-11T11:30:01Z, 2491070
2026-03-11T11:35:01Z, 3013143
2026-03-11T11:40:01Z, 2179093
2026-03-11T11:45:01Z, 1760544
2026-03-11T11:50:01Z, 2858349
2026-03-11T11:55:01Z, 2874711
2026-03-11T12:00:01Z, 2213514
2026-03-11T12:05:01Z, 2402169
2026-03-11T12:10:01Z, 3596770
2026-03-11T12:15:01Z, 2132596
2026-03-11T12:20:01Z, 2409878
2026-03-11T12:25:01Z, 2294884
2026-03-11T12:30:01Z, 1729776
2026-03-11T12:35:01Z, 1838058
2026-03-11T12:40:01Z, 2562258
2026-03-11T12:45:01Z, 3124998
2026-03-11T12:50:01Z, 1944801
2026-03-11T12:55:01Z, 2420639
2026-03-11T13:00:01Z, 2964648
2026-03-11T13:05:01Z, 2491851
2026-03-11T13:10:01Z, 2870115
2026-03-11T13:15:01Z, 3424961
2026-03-11T13:20:01Z, 1875090
2026-03-11T13:25:01Z, 1695459
2026-03-11T13:30:01Z, 2168815
2026-03-11T13:35:01Z, 2664098
2026-03-11T13:40:01Z, 1997741
2026-03-11T13:45:01Z, 1609622
2026-03-11T13:50:01Z, 2724627
2026-03-11T13:55:01Z, 3594083
2026-03-11T14:00:01Z, 2313874
2026-03-11T14:05:01Z, 2284413
2026-03-11T14:10:01Z, 1948479
2026-03-11T14:15:01Z, 2266969
2026-03-11T14:20:01Z, 2366527
2026-03-11T14:25:01Z, 1877462
2026-03-11T14:30:01Z, 1458505
2026-03-11T14:35:01Z, 2368058
2026-03-11T14:40:01Z, 2376408
2026-03-11T14:45:01Z, 1464583
2026-03-11T14:50:01Z, 1852799
2026-03-11T14:55:01Z, 1436755
2026-03-11T15:00:01Z, 1003332
2026-03-11T15:05:01Z, 1813529
2026-03-11T15:10:01Z, 2911909
2026-03-11T15:15:01Z, 2269515
2026-03-11T15:20:01Z, 1626714
2026-03-11T15:25:01Z, 2302242
2026-03-11T15:30:02Z, 2190844
2026-03-11T15:35:01Z, 1991315
2026-03-11T15:40:01Z, 2827079
2026-03-11T15:45:01Z, 2215519
2026-03-11T15:50:01Z, 1291612
2026-03-11T15:55:01Z, 2670708
2026-03-11T16:00:02Z, 2120418
2026-03-11T16:05:01Z, 2083211
2026-03-11T16:10:01Z, 1820319
2026-03-11T16:15:01Z, 4352962
2026-03-11T16:20:01Z, 2617983
2026-03-11T16:25:01Z, 2348973
2026-03-11T16:30:01Z, 3607362
2026-03-11T16:35:01Z, 1978828
2026-03-11T16:40:01Z, 2825162
2026-03-11T16:45:01Z, 2434248
2026-03-11T16:50:01Z, 3213265
2026-03-11T16:55:01Z, 1900421
2026-03-11T17:00:01Z, 2685554
2026-03-11T17:05:01Z, 2743690
2026-03-11T17:10:01Z, 1997308
2026-03-11T17:15:01Z, 2022968
2026-03-11T17:20:02Z, 1803455
2026-03-11T17:25:01Z, 3260251
2026-03-11T17:30:01Z, 2535579
2026-03-11T17:35:01Z, 2526717
2026-03-11T17:40:01Z, 2719678
2026-03-11T17:45:01Z, 2968044
2026-03-11T17:50:01Z, 1931605
2026-03-11T17:55:01Z, 2551938
2026-03-11T18:00:01Z, 2991048
2026-03-11T18:05:01Z, 2736033
2026-03-11T18:10:01Z, 2212087
2026-03-11T18:15:01Z, 3477970
2026-03-11T18:20:01Z, 2176432
2026-03-11T18:25:01Z, 2169652
2026-03-11T18:30:01Z, 5744641
2026-03-11T18:35:01Z, 2180586
2026-03-11T18:40:01Z, 2207795
2026-03-11T18:45:01Z, 1328843
2026-03-11T18:50:01Z, 2727623
2026-03-11T18:55:01Z, 2132438
2026-03-11T19:00:01Z, 2143628
2026-03-11T19:05:01Z, 3353489
2026-03-11T19:10:01Z, 1362181
2026-03-11T19:15:01Z, 2363512
2026-03-11T19:20:01Z, 2914907
2026-03-11T19:25:01Z, 2049508
2026-03-11T19:30:01Z, 2475626
2026-03-11T19:35:01Z, 2423626
2026-03-11T19:40:01Z, 3316996
2026-03-11T19:45:01Z, 1450049
2026-03-11T19:50:01Z, 2287043
2026-03-11T19:55:01Z, 3021494
2026-03-11T20:00:01Z, 2019423
2026-03-11T20:05:01Z, 3473501
2026-03-11T20:10:01Z, 3528436
2026-03-11T20:15:01Z, 3381139
2026-03-11T20:20:01Z, 2930333
2026-03-11T20:25:01Z, 3017598
2026-03-11T20:30:01Z, 2391372
2026-03-11T20:35:01Z, 2064784
2026-03-11T20:40:01Z, 3101362
2026-03-11T20:45:01Z, 3006054
2026-03-11T20:50:01Z, 1505163
2026-03-11T20:55:01Z, 3183667
2026-03-11T21:00:01Z, 2756339
2026-03-11T21:05:01Z, 2120771
2026-03-11T21:10:01Z, 3394416
2026-03-11T21:15:01Z, 2546093
2026-03-11T21:20:01Z, 2866098
2026-03-11T21:25:01Z, 3379577
2026-03-11T21:30:02Z, 2502608
2026-03-11T21:35:01Z, 2331794
2026-03-11T21:40:01Z, 3014301
2026-03-11T21:45:01Z, 2588374
2026-03-11T21:50:01Z, 2609743
2026-03-11T21:55:01Z, 4618176
2026-03-11T22:00:01Z, 2220232
2026-03-11T22:05:01Z, 2965538
2026-03-11T22:10:01Z, 4770702
2026-03-11T22:15:01Z, 2903477
2026-03-11T22:20:01Z, 2215395
2026-03-11T22:25:01Z, 3800532
2026-03-11T22:30:01Z, 2458169
2026-03-11T22:35:01Z, 3033608
2026-03-11T22:40:01Z, 3154303
2026-03-11T22:45:01Z, 2761389
2026-03-11T22:50:01Z, 3270623
2026-03-11T22:55:01Z, 2826474
2026-03-11T23:00:01Z, 2907258
2026-03-11T23:05:01Z, 4979781
2026-03-11T23:10:01Z, 2191375
2026-03-11T23:15:01Z, 2648627
2026-03-11T23:20:01Z, 10283633
2026-03-11T23:25:01Z, 2448838
2026-03-11T23:30:01Z, 2773125
2026-03-11T23:35:01Z, 3221350
2026-03-11T23:40:01Z, 2442543
2026-03-11T23:45:01Z, 3865948
2026-03-11T23:50:01Z, 3071475
2026-03-11T23:55:01Z, 2613038
2026-03-12T00:00:01Z, 3373592
2026-03-12T00:05:01Z, 2818119
2026-03-12T00:10:01Z, 2168584
2026-03-12T00:15:01Z, 6213831
2026-03-12T00:20:01Z, 2423495
2026-03-12T00:25:01Z, 4286659
2026-03-12T00:30:01Z, 4178892
2026-03-12T00:35:01Z, 2373006
2026-03-12T00:40:01Z, 3678865
2026-03-12T00:45:01Z, 3160010
2026-03-12T00:50:01Z, 1703028
2026-03-12T00:55:01Z, 2895833
2026-03-12T01:00:01Z, 3451112
2026-03-12T01:05:01Z, 2307393
2026-03-12T01:10:01Z, 2534877
2026-03-12T01:15:01Z, 2285943
2026-03-12T01:20:01Z, 2441797
2026-03-12T01:25:01Z, 3675422
2026-03-12T01:30:01Z, 2655077
2026-03-12T01:35:01Z, 2372943
2026-03-12T01:40:01Z, 3840957
2026-03-12T01:45:01Z, 3015382
2026-03-12T01:50:01Z, 2311705
2026-03-12T01:55:02Z, 3101586
2026-03-12T02:00:01Z, 2572461
2026-03-12T02:05:01Z, 2243478
2026-03-12T02:10:01Z, 2001618
2026-03-12T02:15:01Z, 2970655
2026-03-12T02:20:01Z, 1651393
2026-03-12T02:25:01Z, 3197204
2026-03-12T02:30:01Z, 4035056
2026-03-12T02:35:01Z, 2433117
2026-03-12T02:40:01Z, 2352850
2026-03-12T02:45:01Z, 2180553
2026-03-12T02:50:01Z, 2388778
2026-03-12T02:55:01Z, 1999756
2026-03-12T03:00:01Z, 3376218
2026-03-12T03:05:01Z, 2204639
2026-03-12T03:10:01Z, 2395901
2026-03-12T03:15:01Z, 3393997
2026-03-12T03:20:01Z, 2456888
2026-03-12T03:25:01Z, 2865249
2026-03-12T03:30:01Z, 2987962
2026-03-12T03:35:01Z, 3103749
2026-03-12T03:40:01Z, 1977187
2026-03-12T03:45:01Z, 2898564
2026-03-12T03:50:01Z, 3556847
2026-03-12T03:55:01Z, 2273153
2026-03-12T04:00:01Z, 2446248
2026-03-12T04:05:01Z, 3730150
2026-03-12T04:10:01Z, 2078153
2026-03-12T04:15:01Z, 2432306
2026-03-12T04:20:01Z, 3360719
2026-03-12T04:25:01Z, 2721040
2026-03-12T04:30:01Z, 2478961
2026-03-12T04:35:01Z, 2620335
2026-03-12T04:40:01Z, 2297674
2026-03-12T04:45:01Z, 2229064
2026-03-12T04:50:01Z, 2803983
2026-03-12T04:55:01Z, 2453892
2026-03-12T05:00:01Z, 894454
2026-03-12T05:05:01Z, 2562129
2026-03-12T05:10:01Z, 1944993
2026-03-12T05:15:01Z, 2423299
2026-03-12T05:20:01Z, 2865923
2026-03-12T05:25:01Z, 5875722
2026-03-12T05:30:01Z, 2665080
2026-03-12T05:35:01Z, 2248749
2026-03-12T05:40:01Z, 3986837
2026-03-12T05:45:01Z, 1815974
2026-03-12T05:50:01Z, 1307009
2026-03-12T05:55:01Z, 2678914
2026-03-12T06:00:01Z, 2176910
2026-03-12T06:05:01Z, 2012293
2026-03-12T06:10:01Z, 3449155
2026-03-12T06:15:01Z, 2171058
2026-03-12T06:20:01Z, 2646386
2026-03-12T06:25:01Z, 3501577
2026-03-12T06:30:01Z, 2174819
2026-03-12T06:35:01Z, 2704289
2026-03-12T06:40:01Z, 1778353
2026-03-12T06:45:01Z, 3061270
2026-03-12T06:50:01Z, 2283276
2026-03-12T06:55:01Z, 2152803
2026-03-12T07:00:01Z, 2736545
2026-03-12T07:05:01Z, 2113313
2026-03-12T07:10:01Z, 2467534
2026-03-12T07:15:01Z, 3191664
2026-03-12T07:20:01Z, 1947306
2026-03-12T07:25:01Z, 1667845
2026-03-12T07:30:01Z, 2461945
2026-03-12T07:35:01Z, 2088970
2026-03-12T07:40:01Z, 2293772
2026-03-12T07:45:01Z, 2618569
2026-03-12T07:50:02Z, 2621080
2026-03-12T07:55:01Z, 2393057
2026-03-12T08:00:01Z, 1938081
2026-03-12T08:05:01Z, 2148914
2026-03-12T08:10:01Z, 1751186
2026-03-12T08:15:01Z, 2245628
2026-03-12T08:20:01Z, 2435639
2026-03-12T08:25:01Z, 2140597
2026-03-12T08:30:01Z, 2611537
2026-03-12T08:35:01Z, 1800587
2026-03-12T08:40:01Z, 1966295
2026-03-12T08:45:01Z, 3185335
2026-03-12T08:50:01Z, 1444006
2026-03-12T08:55:01Z, 1895291
2026-03-12T09:00:01Z, 2038123
2026-03-12T09:05:01Z, 3168409
2026-03-12T09:10:01Z, 2393823
2026-03-12T09:15:01Z, 1939515
2026-03-12T09:20:01Z, 2591251
2026-03-12T09:25:01Z, 1980889
2026-03-12T09:30:01Z, 2261059
2026-03-12T09:35:01Z, 2075219
2026-03-12T09:40:01Z, 1719484
2026-03-12T09:45:01Z, 3783198
2026-03-12T09:50:01Z, 2194589
2026-03-12T09:55:01Z, 2168020
2026-03-12T10:00:01Z, 2853848
2026-03-12T10:05:01Z, 2046942
2026-03-12T10:10:01Z, 2459854
2026-03-12T10:15:01Z, 3171183
2026-03-12T10:20:01Z, 3009826
2026-03-12T10:25:01Z, 2144943
2026-03-12T10:30:01Z, 1728119
2026-03-12T10:35:02Z, 1985467
2026-03-12T10:40:01Z, 2057232
2026-03-12T10:45:01Z, 2665190
2026-03-12T10:50:01Z, 2166645
2026-03-12T10:55:01Z, 2182743
2026-03-12T11:00:01Z, 2817832
2026-03-12T11:05:01Z, 1916940
2026-03-12T11:10:01Z, 1999674
2026-03-12T11:15:01Z, 3054620
2026-03-12T11:20:01Z, 1958226
2026-03-12T11:25:01Z, 2292862
2026-03-12T11:30:01Z, 2994314
2026-03-12T11:35:01Z, 1647611
2026-03-12T11:40:01Z, 2338075
2026-03-12T11:45:01Z, 3182974
2026-03-12T11:50:01Z, 3130117
2026-03-12T11:55:01Z, 2387521
2026-03-12T12:00:01Z, 2046165
2026-03-12T12:05:01Z, 3100025
2026-03-12T12:10:02Z, 2060591
2026-03-12T12:15:01Z, 1884002
2026-03-12T12:20:01Z, 2331704
2026-03-12T12:25:01Z, 1532390
2026-03-12T12:30:01Z, 2970914
2026-03-12T12:35:01Z, 2154920
2026-03-12T12:40:01Z, 1857492
2026-03-12T12:45:01Z, 2083998
2026-03-12T12:50:01Z, 2869574
2026-03-12T12:55:01Z, 2188109
2026-03-12T13:00:01Z, 1898937
2026-03-12T13:05:01Z, 2575853
2026-03-12T13:10:01Z, 2240121
2026-03-12T13:15:01Z, 2114528
2026-03-12T13:20:01Z, 1805479
2026-03-12T13:25:01Z, 3237266
2026-03-12T13:30:01Z, 1971208
2026-03-12T13:35:01Z, 2038253
2026-03-12T13:40:01Z, 2639676
2026-03-12T13:45:01Z, 2517346
2026-03-12T13:50:01Z, 1556880
2026-03-12T13:55:01Z, 2159624
2026-03-12T14:00:01Z, 2293351
2026-03-12T14:05:01Z, 2097450
2026-03-12T14:10:01Z, 2095774
2026-03-12T14:15:01Z, 1897670
2026-03-12T14:20:01Z, 2742270
2026-03-12T14:25:01Z, 2788725
2026-03-12T14:30:01Z, 1561970
2026-03-12T14:35:01Z, 1969160
2026-03-12T14:40:01Z, 2137163
2026-03-12T14:45:01Z, 3290856
2026-03-12T14:50:01Z, 2518909
2026-03-12T14:55:01Z, 2370506
2026-03-12T15:00:01Z, 1670256
2026-03-12T15:05:01Z, 2470593
2026-03-12T15:10:01Z, 1821915
2026-03-12T15:15:01Z, 1450180
2026-03-12T15:20:01Z, 2631857
2026-03-12T15:25:01Z, 3262744
2026-03-12T15:30:01Z, 2040604
2026-03-12T15:35:01Z, 2154952
2026-03-12T15:40:01Z, 2788323
2026-03-12T15:45:01Z, 1871637
2026-03-12T15:50:01Z, 1912522
2026-03-12T15:55:01Z, 2032180
2026-03-12T16:00:01Z, 2772296
2026-03-12T16:05:01Z, 2202817
2026-03-12T16:10:01Z, 1962895
2026-03-12T16:15:01Z, 3199758
2026-03-12T16:20:01Z, 2087666
2026-03-12T16:25:01Z, 2249408
2026-03-12T16:30:01Z, 2601317
2026-03-12T16:35:01Z, 3229539
2026-03-12T16:40:01Z, 1878476
2026-03-12T16:45:01Z, 2035399
2026-03-12T16:50:01Z, 3001039
2026-03-12T16:55:01Z, 3031828
2026-03-12T17:00:01Z, 2562284
2026-03-12T17:05:01Z, 2410780
2026-03-12T17:10:01Z, 1645247
2026-03-12T17:15:01Z, 1808507
2026-03-12T17:20:01Z, 1466423
2026-03-12T17:25:01Z, 2670812
2026-03-12T17:30:01Z, 3007853
2026-03-12T17:35:01Z, 2184075
2026-03-12T17:40:01Z, 1895023
2026-03-12T17:45:01Z, 3639584
2026-03-12T17:50:01Z, 2273380
2026-03-12T17:55:01Z, 2036426
2026-03-12T18:00:01Z, 3199610
2026-03-12T18:05:01Z, 3569273
2026-03-12T18:10:01Z, 2664679
2026-03-12T18:15:01Z, 2365943
2026-03-12T18:20:01Z, 2477246
2026-03-12T18:25:01Z, 2312898
2026-03-12T18:30:01Z, 1813045
2026-03-12T18:35:01Z, 3561363
2026-03-12T18:40:01Z, 2271901
2026-03-12T18:45:01Z, 7524970
2026-03-12T18:50:01Z, 2261641
2026-03-12T18:55:01Z, 2741321
2026-03-12T19:00:01Z, 4049830
2026-03-12T19:05:01Z, 2196292
2026-03-12T19:10:01Z, 2480735
2026-03-12T19:15:01Z, 3980806
2026-03-12T19:20:01Z, 2400881
2026-03-12T19:25:01Z, 2017253
2026-03-12T19:30:01Z, 4398551
2026-03-12T19:35:01Z, 3049721
2026-03-12T19:40:02Z, 2537940
2026-03-12T19:45:01Z, 2807970
2026-03-12T19:50:01Z, 2678662
2026-03-12T19:55:01Z, 2549279
2026-03-12T20:00:01Z, 2891638
2026-03-12T20:05:01Z, 3270904
2026-03-12T20:10:01Z, 2193322
2026-03-12T20:15:01Z, 2258432
2026-03-12T20:20:01Z, 3117663
2026-03-12T20:25:01Z, 2365761
2026-03-12T20:30:01Z, 2450693
2026-03-12T20:35:01Z, 2533814
2026-03-12T20:40:01Z, 2303558
2026-03-12T20:45:01Z, 1928619
2026-03-12T20:50:01Z, 2996835
2026-03-12T20:55:01Z, 2247046
2026-03-12T21:00:01Z, 3021751
2026-03-12T21:05:01Z, 4389512
2026-03-12T21:10:01Z, 1942935
2026-03-12T21:15:01Z, 2459113
2026-03-12T21:20:01Z, 3501478
2026-03-12T21:25:01Z, 2173580
2026-03-12T21:30:01Z, 2095709
2026-03-12T21:35:01Z, 2950356
2026-03-12T21:40:01Z, 2956649
2026-03-12T21:45:01Z, 2467611
2026-03-12T21:50:01Z, 2378042
2026-03-12T21:55:01Z, 3702365
2026-03-12T22:00:01Z, 2540705
2026-03-12T22:05:01Z, 2290974
2026-03-12T22:10:01Z, 3259344
2026-03-12T22:15:01Z, 2652827
2026-03-12T22:20:01Z, 2373078
2026-03-12T22:25:01Z, 3996863
2026-03-12T22:30:01Z, 1660236
2026-03-12T22:35:01Z, 2420838
2026-03-12T22:40:01Z, 4212851
2026-03-12T22:45:01Z, 2422502
2026-03-12T22:50:01Z, 3566208
2026-03-12T22:55:01Z, 3660042
2026-03-12T23:00:01Z, 2692418
2026-03-12T23:05:01Z, 3898820
2026-03-12T23:10:01Z, 3622900
2026-03-12T23:15:01Z, 2212438
2026-03-12T23:20:01Z, 3298209
2026-03-12T23:25:01Z, 1761976
2026-03-12T23:30:01Z, 2417523
2026-03-12T23:35:01Z, 3881311
2026-03-12T23:40:01Z, 2608357
2026-03-12T23:45:01Z, 2627518
2026-03-12T23:50:01Z, 2358359
2026-03-12T23:55:01Z, 3011267
2026-03-13T00:00:01Z, 2174945
2026-03-13T00:05:01Z, 2283536
2026-03-13T00:10:01Z, 2415059
2026-03-13T00:15:01Z, 3206888
2026-03-13T00:20:01Z, 3360302
2026-03-13T00:25:01Z, 3025215
2026-03-13T00:30:01Z, 2464551
2026-03-13T00:35:01Z, 4170106
2026-03-13T00:40:01Z, 2290349
2026-03-13T00:45:01Z, 3504693
2026-03-13T00:50:01Z, 3445951
2026-03-13T00:55:01Z, 2583857
2026-03-13T01:00:01Z, 1774994
2026-03-13T01:05:01Z, 4108953
2026-03-13T01:10:01Z, 2377526
2026-03-13T01:15:01Z, 3824472
2026-03-13T01:20:01Z, 2502161
2026-03-13T01:25:01Z, 2220586
2026-03-13T01:30:01Z, 3396245
2026-03-13T01:35:01Z, 1884041
2026-03-13T01:40:01Z, 2046102
2026-03-13T01:45:01Z, 3117903
2026-03-13T01:50:01Z, 2418468
2026-03-13T01:55:01Z, 2523996
2026-03-13T02:00:01Z, 6983570
2026-03-13T02:05:01Z, 2589875
2026-03-13T02:10:01Z, 2646072
2026-03-13T02:15:01Z, 3878200
2026-03-13T02:20:01Z, 2477711
2026-03-13T02:25:01Z, 2987749
2026-03-13T02:30:01Z, 1735818
2026-03-13T02:35:01Z, 2197913
2026-03-13T02:40:01Z, 2558547
2026-03-13T02:45:01Z, 3361347
2026-03-13T02:50:01Z, 2183540
2026-03-13T02:55:01Z, 2285385
2026-03-13T03:00:01Z, 3349149
2026-03-13T03:05:01Z, 2039524
2026-03-13T03:10:01Z, 2417239
2026-03-13T03:15:01Z, 2695736
2026-03-13T03:20:01Z, 2062718
2026-03-13T03:25:01Z, 2323091
2026-03-13T03:30:01Z, 3695179
2026-03-13T03:35:01Z, 3166132
2026-03-13T03:40:01Z, 2323897
2026-03-13T03:45:01Z, 3222693
2026-03-13T03:50:01Z, 1246713
2026-03-13T03:55:01Z, 2241043
2026-03-13T04:00:01Z, 2978874
2026-03-13T04:05:01Z, 2320629
2026-03-13T04:10:01Z, 1972726
2026-03-13T04:15:01Z, 3057045
2026-03-13T04:20:01Z, 3872160
2026-03-13T04:25:01Z, 2617088
2026-03-13T04:30:01Z, 3788516
2026-03-13T04:35:01Z, 3090389
2026-03-13T04:40:01Z, 1264535
2026-03-13T04:45:01Z, 3029812
2026-03-13T04:50:01Z, 2472353
2026-03-13T04:55:01Z, 2944901
2026-03-13T05:00:01Z, 3079755
2026-03-13T05:05:01Z, 1978571
2026-03-13T05:10:01Z, 2258892
2026-03-13T05:15:01Z, 3445405
2026-03-13T05:20:01Z, 1778632
2026-03-13T05:25:01Z, 2691210
2026-03-13T05:30:01Z, 2345692
2026-03-13T05:35:01Z, 2315816
2026-03-13T05:40:01Z, 2483766
2026-03-13T05:45:01Z, 3678075
2026-03-13T05:50:01Z, 2050536
2026-03-13T05:55:01Z, 2815955
2026-03-13T06:00:01Z, 2963206
2026-03-13T06:05:01Z, 2137943
2026-03-13T06:10:01Z, 2002200
2026-03-13T06:15:01Z, 2747112
2026-03-13T06:20:01Z, 1895427
2026-03-13T06:25:01Z, 2322367
2026-03-13T06:30:01Z, 2291731
2026-03-13T06:35:01Z, 3148750
2026-03-13T06:40:01Z, 2348148
2026-03-13T06:45:01Z, 2050617
2026-03-13T06:50:01Z, 3244293
2026-03-13T06:55:01Z, 2065577
2026-03-13T07:00:01Z, 2118767
2026-03-13T07:05:01Z, 2920969
2026-03-13T07:10:01Z, 2025805
2026-03-13T07:15:01Z, 2077360
2026-03-13T07:20:01Z, 2079018
2026-03-13T07:25:01Z, 3489690
2026-03-13T07:30:01Z, 2383358
2026-03-13T07:35:01Z, 1889702
2026-03-13T07:40:01Z, 2943233
2026-03-13T07:45:01Z, 1758586
2026-03-13T07:50:01Z, 2122006
2026-03-13T07:55:01Z, 3137719
2026-03-13T08:00:01Z, 3070742
2026-03-13T08:05:01Z, 2317620
2026-03-13T08:10:01Z, 2259110
2026-03-13T08:15:01Z, 3704278
2026-03-13T08:20:01Z, 1937825
2026-03-13T08:25:01Z, 2013128
2026-03-13T08:30:01Z, 3174565
2026-03-13T08:35:01Z, 2105832
2026-03-13T08:40:01Z, 2394296
2026-03-13T08:45:01Z, 1550241
2026-03-13T08:50:01Z, 3173742
2026-03-13T08:55:01Z, 2322402
2026-03-13T09:00:01Z, 992218
2026-03-13T09:05:01Z, 2190455
2026-03-13T09:10:01Z, 1884652
2026-03-13T09:15:01Z, 1987092
2026-03-13T09:20:01Z, 2255587
2026-03-13T09:25:01Z, 2817967
2026-03-13T09:30:01Z, 1746229
2026-03-13T09:35:01Z, 1949120
2026-03-13T09:40:01Z, 2912355
2026-03-13T09:45:01Z, 1888586
2026-03-13T09:50:01Z, 2576569
2026-03-13T09:55:01Z, 2889605
2026-03-13T10:00:01Z, 2351423
2026-03-13T10:05:01Z, 2396648
2026-03-13T10:10:01Z, 1912626
2026-03-13T10:15:01Z, 2821130
2026-03-13T10:20:02Z, 1932347
2026-03-13T10:25:01Z, 1853124
2026-03-13T10:30:01Z, 2297992
2026-03-13T10:35:01Z, 2584834
2026-03-13T10:40:01Z, 2146790
2026-03-13T10:45:01Z, 1921755
2026-03-13T10:50:01Z, 4219197
2026-03-13T10:55:01Z, 2461676
2026-03-13T11:00:01Z, 2225817
2026-03-13T11:05:01Z, 3953101
2026-03-13T11:10:01Z, 1906720
2026-03-13T11:15:01Z, 2187511
2026-03-13T11:20:01Z, 2405253
2026-03-13T11:25:01Z, 2132031
2026-03-13T11:30:01Z, 1953469
2026-03-13T11:35:01Z, 1923342
2026-03-13T11:40:01Z, 3363077
2026-03-13T11:45:01Z, 2382918
2026-03-13T11:50:01Z, 2286256
2026-03-13T11:55:01Z, 3317713
2026-03-13T12:00:01Z, 3586040
2026-03-13T12:05:01Z, 3329768
2026-03-13T12:10:01Z, 1766494
2026-03-13T12:15:01Z, 2996011
2026-03-13T12:20:01Z, 2640703
2026-03-13T12:25:01Z, 2237369
2026-03-13T12:30:01Z, 2595861
2026-03-13T12:35:01Z, 1943459
2026-03-13T12:40:01Z, 2231449
2026-03-13T12:45:01Z, 3226055
2026-03-13T12:50:01Z, 2428189
2026-03-13T12:55:01Z, 2721422
2026-03-13T13:00:01Z, 3291188
2026-03-13T13:05:01Z, 2678275
2026-03-13T13:10:01Z, 2079321
2026-03-13T13:15:01Z, 2405329
2026-03-13T13:20:01Z, 2741872
2026-03-13T13:25:01Z, 1658402
2026-03-13T13:30:01Z, 2294966
2026-03-13T13:35:01Z, 3234379
2026-03-13T13:40:01Z, 1839272
2026-03-13T13:45:01Z, 2157923
2026-03-13T13:50:01Z, 3700907
2026-03-13T13:55:01Z, 2305012
2026-03-13T14:00:01Z, 1781262
2026-03-13T14:05:01Z, 2846988
2026-03-13T14:10:01Z, 2130435
2026-03-13T14:15:01Z, 2628270
2026-03-13T14:20:01Z, 2467046
2026-03-13T14:25:01Z, 2984551
2026-03-13T14:30:01Z, 1954879
2026-03-13T14:35:01Z, 2231753
2026-03-13T14:40:01Z, 2994347
2026-03-13T14:45:01Z, 3010086
2026-03-13T14:50:01Z, 1842562
2026-03-13T14:55:01Z, 2104192
2026-03-13T15:00:01Z, 3327457
2026-03-13T15:05:01Z, 1137803
2026-03-13T15:10:01Z, 2046992
2026-03-13T15:15:01Z, 2004959
2026-03-13T15:20:01Z, 2759131
2026-03-13T15:25:01Z, 1960854
2026-03-13T15:30:01Z, 1875457
2026-03-13T15:35:01Z, 2807119
2026-03-13T15:40:01Z, 3023423
2026-03-13T15:45:01Z, 2347933
2026-03-13T15:50:01Z, 1705773
2026-03-13T15:55:01Z, 3168867
2026-03-13T16:00:01Z, 1895783
2026-03-13T16:05:01Z, 2363913
2026-03-13T16:10:01Z, 2535439
2026-03-13T16:15:01Z, 2057762
2026-03-13T16:20:01Z, 2309237
2026-03-13T16:25:01Z, 2802331
2026-03-13T16:30:01Z, 2574304
2026-03-13T16:35:01Z, 1713007
2026-03-13T16:40:01Z, 2016168
2026-03-13T16:45:01Z, 3040143
2026-03-13T16:50:01Z, 2769932
2026-03-13T16:55:02Z, 2439527
2026-03-13T17:00:01Z, 1930080
2026-03-13T17:05:01Z, 3521779
2026-03-13T17:10:01Z, 2030593
2026-03-13T17:15:01Z, 2025747
2026-03-13T17:20:02Z, 2429761
2026-03-13T17:25:01Z, 2583646
2026-03-13T17:30:01Z, 2158536
2026-03-13T17:35:01Z, 3090581
2026-03-13T17:40:01Z, 3031872
2026-03-13T17:45:01Z, 1525844
2026-03-13T17:50:01Z, 2208652
2026-03-13T17:55:01Z, 2754295
2026-03-13T18:00:01Z, 2666227
2026-03-13T18:05:01Z, 2693115
2026-03-13T18:10:01Z, 2066981
2026-03-13T18:15:01Z, 2889414
2026-03-13T18:20:01Z, 1875673
2026-03-13T18:25:01Z, 3039337
2026-03-13T18:30:01Z, 2504338
2026-03-13T18:35:01Z, 1957118
2026-03-13T18:40:01Z, 1725929
2026-03-13T18:45:01Z, 2339089
2026-03-13T18:50:01Z, 2105520
2026-03-13T18:55:01Z, 4933422
2026-03-13T19:00:01Z, 3472614
2026-03-13T19:05:01Z, 1807027
2026-03-13T19:10:01Z, 2065677
2026-03-13T19:15:01Z, 4351039
2026-03-13T19:20:02Z, 2844134
2026-03-13T19:25:01Z, 2212676
2026-03-13T19:30:01Z, 2624701
2026-03-13T19:35:01Z, 3673023
2026-03-13T19:40:01Z, 1858970
2026-03-13T19:45:01Z, 3667872
2026-03-13T19:50:01Z, 2649475
2026-03-13T19:55:01Z, 2884194
2026-03-13T20:00:01Z, 2551211
2026-03-13T20:05:01Z, 3522442
2026-03-13T20:10:01Z, 3237305
2026-03-13T20:15:01Z, 2884482
2026-03-13T20:20:01Z, 3946405
2026-03-13T20:25:01Z, 4082923
2026-03-13T20:30:01Z, 2153221
2026-03-13T20:35:01Z, 2635890
2026-03-13T20:40:01Z, 3542749
2026-03-13T20:45:01Z, 2202939
2026-03-13T20:50:01Z, 2474199
2026-03-13T20:55:01Z, 2844284
2026-03-13T21:00:01Z, 3471017
2026-03-13T21:05:01Z, 3200481
2026-03-13T21:10:01Z, 3069772
2026-03-13T21:15:01Z, 4344299
2026-03-13T21:20:01Z, 2790894
2026-03-13T21:25:01Z, 3058483
2026-03-13T21:30:01Z, 1601552
2026-03-13T21:35:02Z, 3194543
2026-03-13T21:40:01Z, 2717102
2026-03-13T21:45:01Z, 3838122
2026-03-13T21:50:01Z, 2758709
2026-03-13T21:55:01Z, 2711174
2026-03-13T22:00:01Z, 6612627
2026-03-13T22:05:01Z, 3070401
2026-03-13T22:10:01Z, 3010411
2026-03-13T22:15:01Z, 5974006
2026-03-13T22:20:01Z, 3057030
2026-03-13T22:25:01Z, 2705770
2026-03-13T22:30:01Z, 3813036
2026-03-13T22:35:01Z, 2991225
2026-03-13T22:40:01Z, 4190955
2026-03-13T22:45:01Z, 4256538
2026-03-13T22:50:01Z, 5142537
2026-03-13T22:55:01Z, 4057112
2026-03-13T23:00:01Z, 3130857
2026-03-13T23:05:01Z, 2393222
2026-03-13T23:10:01Z, 3584068
2026-03-13T23:15:01Z, 3073904
2026-03-13T23:20:01Z, 3859241
2026-03-13T23:25:01Z, 6919834
2026-03-13T23:30:01Z, 1822267
2026-03-13T23:35:01Z, 3508492
2026-03-13T23:40:01Z, 3923604
2026-03-13T23:45:01Z, 3005166
2026-03-13T23:50:01Z, 3850289
2026-03-13T23:55:01Z, 2699106
2026-03-14T00:00:01Z, 2344338
2026-03-14T00:05:01Z, 3570360
2026-03-14T00:10:01Z, 3056312
2026-03-14T00:15:01Z, 4020189
2026-03-14T00:20:01Z, 3876477
2026-03-14T00:25:01Z, 2785674
2026-03-14T00:30:01Z, 4273564
2026-03-14T00:35:01Z, 2877673
2026-03-14T00:40:01Z, 2285469
2026-03-14T00:45:01Z, 3127328
2026-03-14T00:50:01Z, 2414159
2026-03-14T00:55:01Z, 2096248
2026-03-14T01:00:01Z, 2704906
2026-03-14T01:05:01Z, 6548624
2026-03-14T01:10:01Z, 2750002
2026-03-14T01:15:01Z, 3890616
2026-03-14T01:20:01Z, 2453701
2026-03-14T01:25:01Z, 4731722
2026-03-14T01:30:01Z, 1757503
2026-03-14T01:35:01Z, 2095576
2026-03-14T01:40:01Z, 3146690
2026-03-14T01:45:01Z, 2289957
2026-03-14T01:50:01Z, 2115728
2026-03-14T01:55:01Z, 3173358
2026-03-14T02:00:01Z, 2516964
2026-03-14T02:05:01Z, 3442548
2026-03-14T02:10:01Z, 3420695
2026-03-14T02:15:01Z, 2616312
2026-03-14T02:20:01Z, 2420492
2026-03-14T02:25:01Z, 4164351
2026-03-14T02:30:01Z, 2705023
2026-03-14T02:35:01Z, 3222218
2026-03-14T02:40:01Z, 3950543
2026-03-14T02:45:01Z, 2313649
2026-03-14T02:50:01Z, 4136224
2026-03-14T02:55:01Z, 2543399
2026-03-14T03:00:01Z, 2581630
2026-03-14T03:05:01Z, 3351839
2026-03-14T03:10:01Z, 2312795
2026-03-14T03:15:01Z, 3537747
2026-03-14T03:20:01Z, 2383806
2026-03-14T03:25:01Z, 2684630
2026-03-14T03:30:01Z, 3175016
2026-03-14T03:35:01Z, 2137143
2026-03-14T03:40:01Z, 2892239
2026-03-14T03:45:01Z, 3917014
2026-03-14T03:50:01Z, 2487477
2026-03-14T03:55:01Z, 2399528
2026-03-14T04:00:01Z, 3191515
2026-03-14T04:05:02Z, 2252951
2026-03-14T04:10:01Z, 3290309
2026-03-14T04:15:01Z, 3708870
2026-03-14T04:20:01Z, 2526388
2026-03-14T04:25:01Z, 3017919
2026-03-14T04:30:01Z, 3360924
2026-03-14T04:35:01Z, 1963727
2026-03-14T04:40:01Z, 2333816
2026-03-14T04:45:01Z, 2471223
2026-03-14T04:50:01Z, 2480321
2026-03-14T04:55:01Z, 6776792
2026-03-14T05:00:01Z, 2247890
2026-03-14T05:05:01Z, 2227467
2026-03-14T05:10:01Z, 2224190
2026-03-14T05:15:01Z, 2331337
2026-03-14T05:20:01Z, 2368621
2026-03-14T05:25:01Z, 2573414
2026-03-14T05:30:01Z, 2623367
2026-03-14T05:35:01Z, 2233363
2026-03-14T05:40:01Z, 2913985
2026-03-14T05:45:01Z, 2363698
2026-03-14T05:50:01Z, 2312413
2026-03-14T05:55:01Z, 2349794
2026-03-14T06:00:01Z, 2142286
2026-03-14T06:05:01Z, 1892831
2026-03-14T06:10:01Z, 2140465
2026-03-14T06:15:01Z, 5140845
2026-03-14T06:20:01Z, 2309077
2026-03-14T06:25:01Z, 2135866
2026-03-14T06:30:01Z, 1987971
2026-03-14T06:35:01Z, 2692128
2026-03-14T06:40:01Z, 2221648
2026-03-14T06:45:01Z, 2348502
2026-03-14T06:50:01Z, 3436662
2026-03-14T06:55:01Z, 4435511
2026-03-14T07:00:01Z, 2945672
2026-03-14T07:05:01Z, 1905881
2026-03-14T07:10:01Z, 2056024
2026-03-14T07:15:01Z, 2225096
2026-03-14T07:20:01Z, 1937908
2026-03-14T07:25:01Z, 2263783
2026-03-14T07:30:01Z, 2016498
2026-03-14T07:35:01Z, 2263968
2026-03-14T07:40:01Z, 2501216
2026-03-14T07:45:01Z, 1949521
2026-03-14T07:50:01Z, 2208307
2026-03-14T07:55:01Z, 2754394
2026-03-14T08:00:01Z, 2741406
2026-03-14T08:05:01Z, 2234882
2026-03-14T08:10:01Z, 2594891
2026-03-14T08:15:01Z, 2669314
2026-03-14T08:20:01Z, 2054118
2026-03-14T08:25:01Z, 1464910
2026-03-14T08:30:01Z, 2408619
2026-03-14T08:35:01Z, 2420906
2026-03-14T08:40:01Z, 1307783
2026-03-14T08:45:01Z, 2382029
2026-03-14T08:50:01Z, 2758396
2026-03-14T08:55:01Z, 2614324
2026-03-14T09:00:01Z, 2187852
2026-03-14T09:05:01Z, 3268262
2026-03-14T09:10:01Z, 1575244
2026-03-14T09:15:01Z, 2947650
2026-03-14T09:20:01Z, 2218705
2026-03-14T09:25:01Z, 2692953
2026-03-14T09:30:01Z, 2554468
2026-03-14T09:35:01Z, 1855176
2026-03-14T09:40:01Z, 2162685
2026-03-14T09:45:01Z, 2349687
2026-03-14T09:50:01Z, 2453815
2026-03-14T09:55:01Z, 2222414
2026-03-14T10:00:01Z, 2221480
2026-03-14T10:05:01Z, 2283885
2026-03-14T10:10:01Z, 2237988
2026-03-14T10:15:01Z, 2456104
2026-03-14T10:20:01Z, 2280419
2026-03-14T10:25:01Z, 2433678
2026-03-14T10:30:01Z, 2811440
2026-03-14T10:35:01Z, 2416551
2026-03-14T10:40:01Z, 2284738
2026-03-14T10:45:01Z, 2164773
2026-03-14T10:50:01Z, 2251311
2026-03-14T10:55:01Z, 1985589
2026-03-14T11:00:01Z, 6393618
2026-03-14T11:05:01Z, 2367002
2026-03-14T11:10:01Z, 2613524
2026-03-14T11:15:01Z, 2588989
2026-03-14T11:20:01Z, 2837623
2026-03-14T11:25:01Z, 2639879
2026-03-14T11:30:01Z, 2030180
2026-03-14T11:35:01Z, 2742225
2026-03-14T11:40:01Z, 1401233
2026-03-14T11:45:01Z, 1996753
2026-03-14T11:50:01Z, 1940561
2026-03-14T11:55:01Z, 2182383
2026-03-14T12:00:01Z, 2075690
2026-03-14T12:05:01Z, 2547904
2026-03-14T12:10:01Z, 2295625
2026-03-14T12:15:01Z, 2545716
2026-03-14T12:20:01Z, 2539055
2026-03-14T12:25:01Z, 2383238
2026-03-14T12:30:01Z, 2345071
2026-03-14T12:35:01Z, 2128539
2026-03-14T12:40:01Z, 2301317
2026-03-14T12:45:01Z, 2307546
2026-03-14T12:50:01Z, 1451730
2026-03-14T12:55:01Z, 2329107
2026-03-14T13:00:01Z, 2286008
2026-03-14T13:05:01Z, 2272249
2026-03-14T13:10:01Z, 2434647
2026-03-14T13:15:01Z, 1910921
2026-03-14T13:20:01Z, 2567601
2026-03-14T13:25:01Z, 2509750
2026-03-14T13:30:01Z, 2687382
2026-03-14T13:35:01Z, 2283400
2026-03-14T13:40:01Z, 2061624
2026-03-14T13:45:01Z, 2022581
2026-03-14T13:50:01Z, 5287527
2026-03-14T13:55:01Z, 1839698
2026-03-14T14:00:01Z, 2235081
2026-03-14T14:05:01Z, 2236653
2026-03-14T14:10:01Z, 2366381
2026-03-14T14:15:01Z, 2041484
2026-03-14T14:20:01Z, 2336288
2026-03-14T14:25:01Z, 2057326
2026-03-14T14:30:01Z, 1350816
2026-03-14T14:35:01Z, 2107418
2026-03-14T14:40:01Z, 2361817
2026-03-14T14:45:01Z, 2241063
2026-03-14T14:50:01Z, 2885196
2026-03-14T14:55:01Z, 4639696
2026-03-14T15:00:01Z, 2151373
2026-03-14T15:05:01Z, 2403795
2026-03-14T15:10:01Z, 2357873
2026-03-14T15:15:01Z, 6733719
2026-03-14T15:20:01Z, 2010896
2026-03-14T15:25:01Z, 2595157
2026-03-14T15:30:01Z, 2075343
2026-03-14T15:35:01Z, 2150722
2026-03-14T15:40:01Z, 2243784
2026-03-14T15:45:01Z, 2416049
2026-03-14T15:50:01Z, 2238799
2026-03-14T15:55:01Z, 2197322
2026-03-14T16:00:01Z, 2101168
2026-03-14T16:05:01Z, 2341633
2026-03-14T16:10:01Z, 2343393
2026-03-14T16:15:01Z, 2089843
2026-03-14T16:20:01Z, 2113676
2026-03-14T16:25:01Z, 2229260
2026-03-14T16:30:01Z, 2488858
2026-03-14T16:35:01Z, 1944758
2026-03-14T16:40:01Z, 1831449
2026-03-14T16:45:01Z, 2732103
2026-03-14T16:50:01Z, 1453527
2026-03-14T16:55:01Z, 2005224
2026-03-14T17:00:01Z, 2003022
2026-03-14T17:05:01Z, 2214565
2026-03-14T17:10:01Z, 2048512
2026-03-14T17:15:02Z, 2131146
2026-03-14T17:20:01Z, 2444715
2026-03-14T17:25:01Z, 1897607
2026-03-14T17:30:01Z, 2135055
2026-03-14T17:35:01Z, 2363403
2026-03-14T17:40:01Z, 2105102
2026-03-14T17:45:01Z, 2634138
2026-03-14T17:50:01Z, 2482029
2026-03-14T17:55:01Z, 3189997
2026-03-14T18:00:01Z, 2196189
2026-03-14T18:05:01Z, 2755326
2026-03-14T18:10:01Z, 1343697
2026-03-14T18:15:01Z, 1871223
2026-03-14T18:20:01Z, 2502480
2026-03-14T18:25:01Z, 2336206
2026-03-14T18:30:01Z, 2039628
2026-03-14T18:35:01Z, 2206233
2026-03-14T18:40:01Z, 1916210
2026-03-14T18:45:01Z, 2394969
2026-03-14T18:50:01Z, 2721563
2026-03-14T18:55:01Z, 2296409
2026-03-14T19:00:01Z, 2512307
2026-03-14T19:05:01Z, 2613404
2026-03-14T19:10:01Z, 2395509
2026-03-14T19:15:01Z, 4056014
2026-03-14T19:20:01Z, 2456120
2026-03-14T19:25:01Z, 2263582
2026-03-14T19:30:01Z, 2227608
2026-03-14T19:35:01Z, 2532054
2026-03-14T19:40:01Z, 2340275
2026-03-14T19:45:01Z, 2242596
2026-03-14T19:50:01Z, 2494136
2026-03-14T19:55:01Z, 2527667
2026-03-14T20:00:01Z, 2239200
2026-03-14T20:05:01Z, 2537396
2026-03-14T20:10:00Z, 2147728
2026-03-14T20:15:01Z, 2275991
2026-03-14T20:20:01Z, 2933217
2026-03-14T20:25:01Z, 2721766
2026-03-14T20:30:01Z, 2169550
2026-03-14T20:35:01Z, 2351609
2026-03-14T20:40:01Z, 2597575
2026-03-14T20:45:01Z, 2156096
2026-03-14T20:50:01Z, 2342027
2026-03-14T20:55:01Z, 2346714
2026-03-14T21:00:01Z, 2553783
2026-03-14T21:05:01Z, 2377934
2026-03-14T21:10:01Z, 1787958
2026-03-14T21:15:02Z, 2992835
2026-03-14T21:20:01Z, 2654252
2026-03-14T21:25:01Z, 2092760
2026-03-14T21:30:01Z, 1627733
2026-03-14T21:35:01Z, 2134224
2026-03-14T21:40:01Z, 2181681
2026-03-14T21:45:01Z, 2521971
2026-03-14T21:50:01Z, 2337787
2026-03-14T21:55:01Z, 2221473
2026-03-14T22:00:01Z, 2193789
2026-03-14T22:05:01Z, 2330958
2026-03-14T22:10:01Z, 2690730
2026-03-14T22:15:01Z, 2537614
2026-03-14T22:20:01Z, 3207550
2026-03-14T22:25:01Z, 2240055
